open_time,open,high,low,close,volume,close_time,quote_volume,trades,taker_buy_base,taker_buy_quote,ignore,symbol
2026-04-05 04:30:00,2057.95,2057.95,2054.86,2055.34,301.0134,2026-04-05 04:44:59.999,619016.676658,8457,139.26220000,286345.19049100,0,ETHUSDT
2026-04-05 04:45:00,2055.33,2056.6,2054.48,2055.16,270.6642,2026-04-05 04:59:59.999,556310.730332,7917,131.91040000,271109.92781000,0,ETHUSDT
2026-04-05 05:00:00,2055.16,2056.83,2054.22,2054.44,1060.8599,2026-04-05 05:14:59.999,2180229.380493,8372,155.35750000,319352.42164400,0,ETHUSDT
2026-04-05 05:15:00,2054.45,2054.67,2051.11,2052.84,1564.2667,2026-04-05 05:29:59.999,3211748.640955,14657,397.42980000,815810.52596300,0,ETHUSDT
2026-04-05 05:30:00,2052.84,2053.39,2051.63,2052.89,422.2216,2026-04-05 05:44:59.999,866664.063093,8797,152.89220000,313821.31271700,0,ETHUSDT
2026-04-05 05:45:00,2052.9,2053.44,2047.21,2048.6,1295.3513,2026-04-05 05:59:59.999,2654963.395712,21583,373.94380000,766325.86719600,0,ETHUSDT
2026-04-05 06:00:00,2048.6,2048.93,2031.44,2033.24,5595.1773,2026-04-05 06:14:59.999,11408111.466265,61078,1886.91660000,3846969.39002500,0,ETHUSDT
2026-04-05 06:15:00,2033.25,2036.62,2027.75,2035.39,3492.9864,2026-04-05 06:29:59.999,7097454.557072,50219,1777.06740000,3611360.98127800,0,ETHUSDT
2026-04-05 06:30:00,2035.38,2040.07,2034.81,2039.33,1398.4572,2026-04-05 06:44:59.999,2849775.893463,20249,936.34250000,1907942.73038700,0,ETHUSDT
2026-04-05 06:45:00,2039.33,2039.89,2038.32,2038.32,548.4253,2026-04-05 06:59:59.999,1118257.106566,10276,296.96480000,605516.38799100,0,ETHUSDT
2026-04-05 07:00:00,2038.32,2042.11,2038.32,2041.83,689.007,2026-04-05 07:14:59.999,1406066.111102,15180,454.22340000,926913.80495700,0,ETHUSDT
2026-04-05 07:15:00,2041.83,2042.59,2038.92,2040.22,1045.6698,2026-04-05 07:29:59.999,2133932.941925,15835,479.18310000,977905.90468300,0,ETHUSDT
2026-04-05 07:30:00,2040.22,2040.22,2034.48,2036.3,1093.4619,2026-04-05 07:44:59.999,2226837.12984,23807,410.58720000,836050.09187800,0,ETHUSDT
2026-04-05 07:45:00,2036.3,2037.78,2034.84,2037.29,833.3602,2026-04-05 07:59:59.999,1697188.586521,15197,452.23680000,920924.32147500,0,ETHUSDT
2026-04-05 08:00:00,2037.29,2038.79,2035.91,2038.28,551.1032,2026-04-05 08:14:59.999,1122908.679657,12004,296.29980000,603744.01057700,0,ETHUSDT
2026-04-05 08:15:00,2038.28,2039.38,2037.3,2037.4,468.1672,2026-04-05 08:29:59.999,954285.965628,11093,190.21820000,387740.02647200,0,ETHUSDT
2026-04-05 08:30:00,2037.4,2039.28,2037.22,2037.64,475.4983,2026-04-05 08:44:59.999,969148.852509,10611,260.52120000,530972.84000900,0,ETHUSDT
2026-04-05 08:45:00,2037.64,2039.94,2037.64,2039.16,466.1083,2026-04-05 08:59:59.999,950180.432003,7459,218.08070000,444576.77483500,0,ETHUSDT
2026-04-05 09:00:00,2039.17,2042.43,2038.87,2040.09,670.4183,2026-04-05 09:14:59.999,1367938.470005,19733,343.30780000,700496.23233300,0,ETHUSDT
2026-04-05 09:15:00,2040.08,2044.51,2040.08,2043.85,624.1763,2026-04-05 09:29:59.999,1275174.504471,13452,354.24090000,723636.16916800,0,ETHUSDT
2026-04-05 09:30:00,2043.85,2045.69,2042.99,2045.5,526.2395,2026-04-05 09:44:59.999,1075710.763768,13037,303.25260000,619899.05935500,0,ETHUSDT
2026-04-05 09:45:00,2045.5,2046.0,2044.41,2044.42,538.2091,2026-04-05 09:59:59.999,1100747.405032,8382,192.75240000,394184.86111000,0,ETHUSDT
2026-04-05 10:00:00,2044.41,2045.67,2043.17,2043.41,509.1621,2026-04-05 10:14:59.999,1040873.773392,13010,290.63690000,594135.36150900,0,ETHUSDT
2026-04-05 10:15:00,2043.4,2045.1,2042.44,2045.1,396.3182,2026-04-05 10:29:59.999,810024.505129,7776,168.04620000,343439.23234600,0,ETHUSDT
2026-04-05 10:30:00,2045.09,2052.53,2044.51,2047.27,1718.0412,2026-04-05 10:44:59.999,3520067.645215,28681,1172.56100000,2402321.35716500,0,ETHUSDT
2026-04-05 10:45:00,2047.26,2047.27,2044.21,2044.74,380.0663,2026-04-05 10:59:59.999,777263.241246,10647,130.42260000,266747.12477600,0,ETHUSDT
2026-04-05 11:00:00,2044.74,2045.74,2043.05,2045.15,368.0592,2026-04-05 11:14:59.999,752500.806091,12408,166.48720000,340399.92463600,0,ETHUSDT
2026-04-05 11:15:00,2045.15,2045.83,2041.81,2042.75,509.5141,2026-04-05 11:29:59.999,1041381.155887,13352,183.26490000,374576.82583500,0,ETHUSDT
2026-04-05 11:30:00,2042.76,2043.11,2040.57,2041.35,453.4516,2026-04-05 11:44:59.999,925858.66494,14069,180.70490000,368951.44612100,0,ETHUSDT
2026-04-05 11:45:00,2041.35,2042.56,2040.52,2042.32,261.5178,2026-04-05 11:59:59.999,533984.140998,6642,111.26430000,227186.22894700,0,ETHUSDT
2026-04-05 12:00:00,2042.31,2042.31,2038.48,2038.94,963.5451,2026-04-05 12:14:59.999,1965422.725567,24072,348.38220000,710679.44280900,0,ETHUSDT
2026-04-05 12:15:00,2038.94,2040.12,2037.57,2037.59,473.8301,2026-04-05 12:29:59.999,966008.92517,11983,150.53720000,306936.43345800,0,ETHUSDT
2026-04-05 12:30:00,2037.59,2038.0,2021.5,2025.03,6593.5177,2026-04-05 12:44:59.999,13375242.48429,71908,2223.51130000,4508337.28873400,0,ETHUSDT
2026-04-05 12:45:00,2025.04,2029.65,2023.15,2028.36,1815.0902,2026-04-05 12:59:59.999,3679194.282291,32835,1035.75680000,2099286.35723600,0,ETHUSDT
2026-04-05 13:00:00,2028.37,2030.71,2026.43,2026.66,953.0248,2026-04-05 13:14:59.999,1933844.23043,17644,533.69850000,1083049.45572000,0,ETHUSDT
2026-04-05 13:15:00,2026.67,2033.13,2025.81,2026.01,1197.7751,2026-04-05 13:29:59.999,2430607.771226,27115,644.55950000,1308138.86741300,0,ETHUSDT
2026-04-05 13:30:00,2026.01,2031.3,2025.71,2029.93,1394.9449,2026-04-05 13:44:59.999,2830390.533341,28675,850.38380000,1725471.50639500,0,ETHUSDT
2026-04-05 13:45:00,2029.93,2037.75,2029.82,2036.63,1327.0945,2026-04-05 13:59:59.999,2699904.113264,30550,896.38540000,1823658.25837500,0,ETHUSDT
2026-04-05 14:00:00,2036.63,2041.97,2035.19,2036.78,1826.5346,2026-04-05 14:14:59.999,3724804.531905,35863,1142.34360000,2329627.33007100,0,ETHUSDT
2026-04-05 14:15:00,2036.78,2040.78,2035.67,2039.95,583.1521,2026-04-05 14:29:59.999,1188610.142871,16343,279.47140000,569806.19069800,0,ETHUSDT
2026-04-05 14:30:00,2039.94,2043.32,2038.64,2040.81,2361.1309,2026-04-05 14:44:59.999,4819103.652094,22792,1923.23860000,3925306.19647700,0,ETHUSDT
2026-04-05 14:45:00,2040.81,2040.84,2038.11,2038.49,619.9607,2026-04-05 14:59:59.999,1264516.012021,10373,225.15600000,459195.16181100,0,ETHUSDT
2026-04-05 15:00:00,2038.49,2041.65,2034.58,2040.84,1276.0759,2026-04-05 15:14:59.999,2600562.391845,33542,678.15590000,1382275.33378000,0,ETHUSDT
2026-04-05 15:15:00,2040.84,2063.8,2040.4,2060.66,7793.9251,2026-04-05 15:29:59.999,16013940.646702,84547,4925.30300000,10118346.84512100,0,ETHUSDT
2026-04-05 15:30:00,2060.66,2069.89,2053.33,2059.46,6513.4509,2026-04-05 15:44:59.999,13419940.848807,94660,2931.73500000,6042289.39812900,0,ETHUSDT
2026-04-05 15:45:00,2059.47,2059.63,2052.99,2053.85,1661.6021,2026-04-05 15:59:59.999,3415929.841251,33621,702.51690000,1444161.19129400,0,ETHUSDT
2026-04-05 16:00:00,2053.85,2057.96,2053.17,2055.54,1479.3329,2026-04-05 16:14:59.999,3040899.668339,34719,787.89120000,1619431.60557000,0,ETHUSDT
2026-04-05 16:15:00,2055.54,2057.42,2054.8,2054.8,550.8315,2026-04-05 16:29:59.999,1132815.466033,22921,305.73990000,628736.61633000,0,ETHUSDT
2026-04-05 16:30:00,2054.8,2059.3,2054.21,2056.21,905.1297,2026-04-05 16:44:59.999,1861641.031463,25072,420.86660000,865617.55943100,0,ETHUSDT
2026-04-05 16:45:00,2056.21,2056.21,2050.29,2052.15,1073.0218,2026-04-05 16:59:59.999,2202138.549568,26339,395.96890000,812651.00455600,0,ETHUSDT
2026-04-05 17:00:00,2052.15,2057.1,2048.69,2055.9,2013.9328,2026-04-05 17:14:59.999,4133687.517541,33393,941.26570000,1932754.33435800,0,ETHUSDT
2026-04-05 17:15:00,2055.89,2056.61,2051.87,2055.96,638.2428,2026-04-05 17:29:59.999,1311214.637798,22233,267.43050000,549288.59231300,0,ETHUSDT
2026-04-05 17:30:00,2055.96,2061.0,2055.0,2060.69,1015.0684,2026-04-05 17:44:59.999,2089142.525457,25058,656.91300000,1352107.09872400,0,ETHUSDT
2026-04-05 17:45:00,2060.7,2062.54,2058.43,2062.53,4203.9934,2026-04-05 17:59:59.999,8666150.796745,26942,1333.94100000,2749140.59699200,0,ETHUSDT
2026-04-05 18:00:00,2062.54,2062.93,2057.1,2058.85,1119.1372,2026-04-05 18:14:59.999,2305696.585112,20871,707.36440000,1457431.71849700,0,ETHUSDT
2026-04-05 18:15:00,2058.85,2059.68,2057.81,2057.81,432.5686,2026-04-05 18:29:59.999,890462.209321,11446,194.60050000,400582.41804900,0,ETHUSDT
2026-04-05 18:30:00,2057.82,2066.6,2057.82,2064.92,1672.6151,2026-04-05 18:44:59.999,3451229.030432,37267,1067.68440000,2203158.10911500,0,ETHUSDT
2026-04-05 18:45:00,2064.92,2066.45,2061.74,2062.99,990.0338,2026-04-05 18:59:59.999,2044228.880708,22066,751.82040000,1552521.46329900,0,ETHUSDT
2026-04-05 19:00:00,2062.99,2064.18,2061.85,2063.21,760.5752,2026-04-05 19:14:59.999,1569211.248219,14776,472.44530000,974811.51099200,0,ETHUSDT
2026-04-05 19:15:00,2063.2,2069.95,2062.82,2066.44,1936.9511,2026-04-05 19:29:59.999,4004182.005788,34788,1296.87160000,2680745.67063200,0,ETHUSDT
2026-04-05 19:30:00,2066.44,2066.74,2058.66,2059.22,1794.3342,2026-04-05 19:44:59.999,3699629.346574,26203,1036.05580000,2136113.00992800,0,ETHUSDT
2026-04-05 19:45:00,2059.22,2062.39,2058.25,2062.37,804.6029,2026-04-05 19:59:59.999,1657612.289639,17263,565.06180000,1164266.56729500,0,ETHUSDT
2026-04-05 20:00:00,2062.38,2064.37,2062.0,2062.96,1408.7803,2026-04-05 20:14:59.999,2906462.175729,19161,1013.49800000,2091003.28587000,0,ETHUSDT
2026-04-05 20:15:00,2062.97,2066.65,2062.97,2066.02,628.0039,2026-04-05 20:29:59.999,1296917.998175,13695,347.02520000,716627.43356800,0,ETHUSDT
2026-04-05 20:30:00,2066.01,2075.11,2065.51,2067.47,3443.6753,2026-04-05 20:44:59.999,7133803.89145,42627,2288.47980000,4741057.14214000,0,ETHUSDT
2026-04-05 20:45:00,2067.47,2070.7,2067.22,2068.91,688.6257,2026-04-05 20:59:59.999,1424974.961038,21180,424.66760000,878717.80089500,0,ETHUSDT
2026-04-05 21:00:00,2068.9,2069.12,2059.11,2061.02,2309.7181,2026-04-05 21:14:59.999,4765681.083188,23346,639.65810000,1320884.69003800,0,ETHUSDT
2026-04-05 21:15:00,2061.02,2062.23,2058.33,2060.55,654.8971,2026-04-05 21:29:59.999,1349425.680238,18269,237.64230000,489657.17652300,0,ETHUSDT
2026-04-05 21:30:00,2060.55,2061.22,2056.73,2060.0,1984.5943,2026-04-05 21:44:59.999,4085882.362963,15096,447.46730000,921403.76997900,0,ETHUSDT
2026-04-05 21:45:00,2060.0,2065.54,2059.32,2060.01,1500.6974,2026-04-05 21:59:59.999,3095438.233974,21978,446.72160000,921249.80677900,0,ETHUSDT
2026-04-05 22:00:00,2060.01,2067.45,2050.66,2055.03,4418.7037,2026-04-05 22:14:59.999,9100596.412266,92428,1554.60610000,3201517.42643000,0,ETHUSDT
2026-04-05 22:15:00,2055.02,2057.07,2050.0,2054.15,1456.8705,2026-04-05 22:29:59.999,2991500.313937,44553,693.21560000,1423601.08476500,0,ETHUSDT
2026-04-05 22:30:00,2054.15,2072.27,2053.04,2070.31,2887.3959,2026-04-05 22:44:59.999,5960478.320652,59231,2060.57060000,4253679.22740100,0,ETHUSDT
2026-04-05 22:45:00,2070.31,2088.0,2069.83,2085.79,7385.7181,2026-04-05 22:59:59.999,15360732.66714,105833,4714.94550000,9807192.15826700,0,ETHUSDT
2026-04-05 23:00:00,2085.78,2097.2,2082.35,2097.19,7384.6603,2026-04-05 23:14:59.999,15435918.008196,107524,4239.02110000,8863400.36445900,0,ETHUSDT
2026-04-05 23:15:00,2097.19,2118.1,2096.82,2108.21,12481.0852,2026-04-05 23:29:59.999,26331022.639107,151099,6834.90070000,14411437.94854700,0,ETHUSDT
2026-04-05 23:30:00,2108.2,2123.49,2107.83,2111.05,9234.4677,2026-04-05 23:44:59.999,19535577.190569,92916,3679.21990000,7788659.59446900,0,ETHUSDT
2026-04-05 23:45:00,2111.06,2116.14,2108.23,2110.17,3260.7152,2026-04-05 23:59:59.999,6886340.865826,45306,1369.46900000,2892335.33667000,0,ETHUSDT
2026-04-06 00:00:00,2110.17,2135.39,2110.17,2119.81,10841.196,2026-04-06 00:14:59.999,23018829.977436,134616,6197.31160000,13157060.96161100,0,ETHUSDT
2026-04-06 00:15:00,2119.81,2125.5,2115.45,2123.13,4494.2982,2026-04-06 00:29:59.999,9535050.75226,72268,1974.76420000,4190221.31642000,0,ETHUSDT
2026-04-06 00:30:00,2123.13,2132.12,2120.2,2128.53,4614.204,2026-04-06 00:44:59.999,9808531.384386,77188,2332.25790000,4958449.11893500,0,ETHUSDT
2026-04-06 00:45:00,2128.52,2129.68,2121.37,2121.99,1702.4798,2026-04-06 00:59:59.999,3617902.983401,47753,771.18840000,1638857.21319100,0,ETHUSDT
2026-04-06 01:00:00,2122.0,2124.53,2115.48,2115.66,3807.4093,2026-04-06 01:14:59.999,8069893.010441,60523,1457.02680000,3088073.63031600,0,ETHUSDT
2026-04-06 01:15:00,2115.67,2119.9,2112.48,2119.71,3196.2275,2026-04-06 01:29:59.999,6762812.525976,48625,1496.68810000,3166772.26328600,0,ETHUSDT
2026-04-06 01:30:00,2119.71,2120.5,2114.17,2115.71,4007.1686,2026-04-06 01:44:59.999,8485347.43813,49033,2061.56430000,4365171.87362400,0,ETHUSDT
2026-04-06 01:45:00,2115.72,2118.91,2114.41,2115.12,1491.7627,2026-04-06 01:59:59.999,3157483.731339,34834,687.07010000,1454361.56780000,0,ETHUSDT
2026-04-06 02:00:00,2115.11,2147.24,2114.59,2133.57,10860.6676,2026-04-06 02:14:59.999,23165703.749492,109553,6904.97180000,14724481.92918000,0,ETHUSDT
2026-04-06 02:15:00,2133.57,2140.8,2130.36,2134.88,4116.9184,2026-04-06 02:29:59.999,8789343.111252,86590,1998.86840000,4267674.93285500,0,ETHUSDT
2026-04-06 02:30:00,2134.88,2141.34,2131.81,2133.83,4540.9554,2026-04-06 02:44:59.999,9704470.76591,66602,2135.31300000,4564151.31947000,0,ETHUSDT
2026-04-06 02:45:00,2133.83,2137.3,2132.68,2133.59,2512.3199,2026-04-06 02:59:59.999,5361866.972323,35339,1540.64340000,3288022.78848300,0,ETHUSDT
2026-04-06 03:00:00,2133.59,2136.79,2130.69,2131.77,2822.9476,2026-04-06 03:14:59.999,6023580.424459,45612,1316.20420000,2808579.76373000,0,ETHUSDT
2026-04-06 03:15:00,2131.77,2137.27,2128.76,2135.83,3250.7275,2026-04-06 03:29:59.999,6934693.002953,63601,1746.60810000,3726679.39060300,0,ETHUSDT
2026-04-06 03:30:00,2135.83,2137.22,2130.61,2131.81,1489.5806,2026-04-06 03:44:59.999,3178749.225095,32408,821.59840000,1753333.47583800,0,ETHUSDT
2026-04-06 03:45:00,2131.81,2133.19,2126.59,2129.35,2113.5513,2026-04-06 03:59:59.999,4500321.430432,28557,968.40780000,2062001.85401700,0,ETHUSDT
2026-04-06 04:00:00,2129.35,2134.33,2125.76,2128.66,2582.9739,2026-04-06 04:14:59.999,5501558.802195,35054,1604.28880000,3418446.74201400,0,ETHUSDT
2026-04-06 04:15:00,2128.66,2128.66,2125.12,2127.31,2064.2127,2026-04-06 04:29:59.999,4389929.945519,23117,875.09900000,1860921.34741000,0,ETHUSDT
2026-04-06 04:30:00,2127.31,2134.77,2126.49,2132.75,2800.3428,2026-04-06 04:44:59.999,5968743.52559,40930,1717.12220000,3660127.08566900,0,ETHUSDT
2026-04-06 04:45:00,2132.75,2133.89,2129.94,2131.06,1644.8276,2026-04-06 04:59:59.999,3505506.430647,22693,702.78970000,1498006.15942200,0,ETHUSDT
2026-04-06 05:00:00,2131.06,2132.0,2129.71,2130.97,1477.0681,2026-04-06 05:14:59.999,3147371.780826,27295,734.93130000,1565990.67236000,0,ETHUSDT
2026-04-06 05:15:00,2130.97,2134.62,2129.0,2130.75,1438.2672,2026-04-06 05:29:59.999,3066156.647179,27992,647.26870000,1379680.39432500,0,ETHUSDT
2026-04-06 05:30:00,2130.75,2132.35,2129.68,2131.48,1084.444,2026-04-06 05:44:59.999,2310718.635865,25459,565.88060000,1205819.23097200,0,ETHUSDT
2026-04-06 05:45:00,2131.48,2132.63,2128.42,2131.29,1375.1343,2026-04-06 05:59:59.999,2929510.637586,18966,648.06570000,1380662.11256200,0,ETHUSDT
2026-04-06 06:00:00,2131.29,2139.0,2127.69,2136.86,4150.7413,2026-04-06 06:14:59.999,8859644.399815,53920,2298.74290000,4908054.18934000,0,ETHUSDT
2026-04-06 06:15:00,2136.86,2136.86,2120.4,2121.53,3529.2613,2026-04-06 06:29:59.999,7506472.378931,59309,1453.17010000,3091391.63669000,0,ETHUSDT
2026-04-06 06:30:00,2121.53,2125.18,2120.04,2123.23,2557.1952,2026-04-06 06:44:59.999,5427254.156543,45198,1689.04640000,3584477.41324400,0,ETHUSDT
2026-04-06 06:45:00,2123.22,2130.44,2123.0,2127.53,3073.6547,2026-04-06 06:59:59.999,6539379.085425,44352,1894.01260000,4029454.05114700,0,ETHUSDT
2026-04-06 07:00:00,2127.53,2128.38,2122.83,2124.91,2318.6837,2026-04-06 07:14:59.999,4926795.909856,25989,1207.68510000,2566110.19215300,0,ETHUSDT
2026-04-06 07:15:00,2124.92,2136.78,2124.92,2134.66,3608.7782,2026-04-06 07:29:59.999,7696201.410566,46860,2497.10150000,5325195.71832200,0,ETHUSDT
2026-04-06 07:30:00,2134.66,2137.22,2130.81,2131.23,2904.0242,2026-04-06 07:44:59.999,6196212.294387,41453,1459.64240000,3114430.90402200,0,ETHUSDT
2026-04-06 07:45:00,2131.23,2141.0,2130.26,2134.9,3522.5491,2026-04-06 07:59:59.999,7525264.244701,29666,2090.48930000,4466625.26569400,0,ETHUSDT
2026-04-06 08:00:00,2134.91,2138.24,2133.42,2136.98,2496.0516,2026-04-06 08:14:59.999,5332307.09418,26335,1597.80030000,3413399.71608100,0,ETHUSDT
2026-04-06 08:15:00,2136.97,2140.5,2134.64,2136.8,2200.6135,2026-04-06 08:29:59.999,4702629.551893,48003,1424.33130000,3043812.89151300,0,ETHUSDT
2026-04-06 08:30:00,2136.8,2147.95,2136.0,2140.81,5120.7581,2026-04-06 08:44:59.999,10969491.25834,60535,3416.72570000,7319420.45487300,0,ETHUSDT
2026-04-06 08:45:00,2140.81,2141.37,2137.4,2138.48,1445.3624,2026-04-06 08:59:59.999,3091964.348466,25153,747.11250000,1598312.10032100,0,ETHUSDT
2026-04-06 09:00:00,2138.48,2154.82,2138.47,2148.57,7860.0894,2026-04-06 09:14:59.999,16881906.610865,77864,5499.55880000,11813399.02587800,0,ETHUSDT
2026-04-06 09:15:00,2148.56,2174.79,2148.41,2158.79,19299.4898,2026-04-06 09:29:59.999,41733210.954781,170936,11397.70130000,24644853.40859200,0,ETHUSDT
2026-04-06 09:30:00,2158.79,2162.92,2149.53,2152.12,6831.8341,2026-04-06 09:44:59.999,14725876.524893,63935,2205.38930000,4757363.89104500,0,ETHUSDT
2026-04-06 09:45:00,2152.12,2154.12,2148.38,2150.97,2276.7313,2026-04-06 09:59:59.999,4898852.74332,43376,806.17470000,1734555.26413800,0,ETHUSDT
2026-04-06 10:00:00,2150.97,2156.82,2150.62,2155.13,2312.2542,2026-04-06 10:14:59.999,4980484.605906,36965,863.92780000,1861063.24314400,0,ETHUSDT
2026-04-06 10:15:00,2155.12,2157.5,2152.21,2154.66,1561.4038,2026-04-06 10:29:59.999,3364604.318092,44327,517.00610000,1114102.59606200,0,ETHUSDT
2026-04-06 10:30:00,2154.66,2157.36,2153.46,2155.46,2203.2845,2026-04-06 10:44:59.999,4748710.525517,32916,1087.25290000,2343504.21491100,0,ETHUSDT
2026-04-06 10:45:00,2155.46,2155.46,2149.36,2153.27,3429.3672,2026-04-06 10:59:59.999,7379007.19232,53023,1405.98620000,3025056.20162600,0,ETHUSDT
2026-04-06 11:00:00,2153.27,2153.53,2146.98,2149.2,2872.0651,2026-04-06 11:14:59.999,6175226.904115,41121,1035.04810000,2225342.17070500,0,ETHUSDT
2026-04-06 11:15:00,2149.21,2151.0,2146.61,2150.99,1628.8348,2026-04-06 11:29:59.999,3500471.424674,32964,607.54600000,1305834.45343400,0,ETHUSDT
2026-04-06 11:30:00,2150.99,2153.21,2150.0,2151.05,1694.2044,2026-04-06 11:44:59.999,3645318.677708,27690,892.71560000,1920847.83594500,0,ETHUSDT
2026-04-06 11:45:00,2151.06,2153.7,2150.0,2151.53,1742.7446,2026-04-06 11:59:59.999,3749703.067973,22815,726.65800000,1563558.32158800,0,ETHUSDT
2026-04-06 12:00:00,2151.53,2152.49,2147.43,2148.66,1411.734,2026-04-06 12:14:59.999,3035510.977941,29157,484.87960000,1042725.93536100,0,ETHUSDT
2026-04-06 12:15:00,2148.66,2150.43,2146.65,2148.46,1609.5105,2026-04-06 12:29:59.999,3458785.538023,28499,767.20470000,1648855.89590600,0,ETHUSDT
2026-04-06 12:30:00,2148.47,2153.46,2146.79,2151.63,2131.7619,2026-04-06 12:44:59.999,4584567.001776,31850,860.31820000,1850183.40291400,0,ETHUSDT
2026-04-06 12:45:00,2151.63,2154.52,2142.31,2143.59,4518.6035,2026-04-06 12:59:59.999,9704645.071969,48765,1739.01330000,3735173.42096000,0,ETHUSDT
2026-04-06 13:00:00,2143.59,2146.44,2142.0,2144.2,3585.6807,2026-04-06 13:14:59.999,7689403.596826,32507,1959.97030000,4203031.51841100,0,ETHUSDT
2026-04-06 13:15:00,2144.2,2144.8,2139.0,2143.76,2665.7711,2026-04-06 13:29:59.999,5708746.600348,42458,1062.74680000,2276229.21939400,0,ETHUSDT
2026-04-06 13:30:00,2143.77,2149.41,2137.91,2142.13,5606.3014,2026-04-06 13:44:59.999,12018914.429586,144757,2764.08720000,5926907.55996600,0,ETHUSDT
2026-04-06 13:45:00,2142.12,2149.07,2141.07,2145.99,3333.4379,2026-04-06 13:59:59.999,7151178.737611,97511,2043.61500000,4384405.31912700,0,ETHUSDT
2026-04-06 14:00:00,2146.0,2158.9,2137.76,2142.28,8032.3878,2026-04-06 14:14:59.999,17239110.042711,139519,3982.89280000,8550847.18246600,0,ETHUSDT
2026-04-06 14:15:00,2142.28,2165.74,2142.16,2155.02,11271.8189,2026-04-06 14:29:59.999,24307578.062763,123546,7739.34510000,16691559.04851600,0,ETHUSDT
2026-04-06 14:30:00,2155.02,2162.47,2142.72,2148.01,9321.6966,2026-04-06 14:44:59.999,20054560.598625,151564,4194.04230000,9025851.30532500,0,ETHUSDT
2026-04-06 14:45:00,2148.02,2158.92,2143.51,2156.71,4525.6081,2026-04-06 14:59:59.999,9740068.604421,86259,2862.33300000,6162869.12168800,0,ETHUSDT
2026-04-06 15:00:00,2156.72,2168.3,2155.5,2167.2,7040.0848,2026-04-06 15:14:59.999,15215459.917617,120082,4205.08050000,9090243.08804700,0,ETHUSDT
2026-04-06 15:15:00,2167.2,2168.5,2159.24,2165.97,4535.2241,2026-04-06 15:29:59.999,9811889.078677,95356,2145.91190000,4643502.52641900,0,ETHUSDT
2026-04-06 15:30:00,2165.98,2169.6,2160.71,2164.62,4094.1295,2026-04-06 15:44:59.999,8862751.799287,79976,1959.30670000,4242515.32711600,0,ETHUSDT
2026-04-06 15:45:00,2164.62,2166.77,2162.69,2164.65,2227.5624,2026-04-06 15:59:59.999,4821522.775892,56720,912.78310000,1975858.65237400,0,ETHUSDT
2026-04-06 16:00:00,2164.65,2168.72,2160.31,2166.58,3882.6968,2026-04-06 16:14:59.999,8401154.907553,70564,1720.35420000,3722302.87279400,0,ETHUSDT
2026-04-06 16:15:00,2166.58,2166.92,2158.31,2158.44,2487.1252,2026-04-06 16:29:59.999,5376790.952956,46305,463.79800000,1002778.69418500,0,ETHUSDT
2026-04-06 16:30:00,2158.44,2164.0,2156.83,2162.1,2510.6185,2026-04-06 16:44:59.999,5423729.957806,50971,1071.90070000,2316316.07557000,0,ETHUSDT
2026-04-06 16:45:00,2162.1,2168.4,2140.45,2140.62,7987.7944,2026-04-06 16:59:59.999,17192488.198363,106036,2752.37590000,5927170.41466400,0,ETHUSDT
2026-04-06 17:00:00,2140.62,2141.0,2125.6,2127.41,10915.76,2026-04-06 17:14:59.999,23291913.025284,127528,4941.38690000,10545551.33917300,0,ETHUSDT
2026-04-06 17:15:00,2127.41,2136.36,2123.6,2134.62,5950.947,2026-04-06 17:29:59.999,12676995.63332,86692,3478.57410000,7411369.08469900,0,ETHUSDT
2026-04-06 17:30:00,2134.63,2139.0,2131.69,2133.2,2962.7928,2026-04-06 17:44:59.999,6325234.303559,62343,1370.46680000,2925829.36559200,0,ETHUSDT
2026-04-06 17:45:00,2133.2,2136.24,2131.19,2134.95,2393.8554,2026-04-06 17:59:59.999,5107821.008469,41241,1237.12620000,2639717.76018500,0,ETHUSDT
2026-04-06 18:00:00,2134.96,2146.78,2131.6,2142.13,4447.0624,2026-04-06 18:14:59.999,9514789.562958,73068,2324.71120000,4974567.12246800,0,ETHUSDT
2026-04-06 18:15:00,2142.13,2148.51,2141.3,2146.3,2439.65,2026-04-06 18:29:59.999,5231531.618037,56445,1262.03930000,2706622.65442700,0,ETHUSDT
2026-04-06 18:30:00,2146.29,2147.74,2141.5,2142.38,1296.3694,2026-04-06 18:44:59.999,2779395.395361,38306,506.03880000,1084921.39303900,0,ETHUSDT
2026-04-06 18:45:00,2142.39,2146.05,2140.04,2144.84,986.5579,2026-04-06 18:59:59.999,2114683.255686,26990,371.69740000,796694.01098400,0,ETHUSDT
2026-04-06 19:00:00,2144.84,2144.84,2135.94,2139.64,2292.9667,2026-04-06 19:14:59.999,4905001.352324,38608,604.89200000,1293930.63551000,0,ETHUSDT
2026-04-06 19:15:00,2139.63,2145.0,2139.42,2143.81,997.2442,2026-04-06 19:29:59.999,2136572.106839,28542,594.69020000,1274148.90920700,0,ETHUSDT
2026-04-06 19:30:00,2143.8,2145.61,2139.4,2141.75,1817.2179,2026-04-06 19:44:59.999,3894586.327211,28312,648.06110000,1388990.61839400,0,ETHUSDT
2026-04-06 19:45:00,2141.74,2145.94,2139.53,2144.25,3330.0389,2026-04-06 19:59:59.999,7137768.056325,36490,1431.93670000,3068662.20718800,0,ETHUSDT
2026-04-06 20:00:00,2144.25,2145.86,2140.45,2145.77,1303.8996,2026-04-06 20:14:59.999,2794120.487809,31852,452.37270000,969405.84796800,0,ETHUSDT
2026-04-06 20:15:00,2145.76,2155.06,2145.76,2152.75,3085.2433,2026-04-06 20:29:59.999,6636366.44425,40977,2087.44460000,4490153.76477700,0,ETHUSDT
2026-04-06 20:30:00,2152.74,2153.67,2150.1,2150.39,696.6511,2026-04-06 20:44:59.999,1499043.135902,19659,321.45280000,691679.96671500,0,ETHUSDT
2026-04-06 20:45:00,2150.39,2151.24,2147.75,2148.81,700.3608,2026-04-06 20:59:59.999,1505380.65183,18487,233.34160000,501567.73496100,0,ETHUSDT
2026-04-06 21:00:00,2148.8,2148.8,2145.03,2146.25,1049.9151,2026-04-06 21:14:59.999,2254080.139827,17988,485.39990000,1042015.07122300,0,ETHUSDT
2026-04-06 21:15:00,2146.24,2146.99,2145.08,2145.51,781.3648,2026-04-06 21:29:59.999,1676801.453738,11689,332.71580000,713996.55484800,0,ETHUSDT
2026-04-06 21:30:00,2145.51,2145.66,2139.03,2139.04,1679.7936,2026-04-06 21:44:59.999,3598690.401074,23713,511.78420000,1096254.90577700,0,ETHUSDT
2026-04-06 21:45:00,2139.04,2141.63,2137.73,2139.54,779.0027,2026-04-06 21:59:59.999,1666588.769532,20668,320.90150000,686528.89881500,0,ETHUSDT
2026-04-06 22:00:00,2139.54,2140.46,2136.13,2140.39,1662.3835,2026-04-06 22:14:59.999,3554850.861401,45372,612.26410000,1309279.46808800,0,ETHUSDT
2026-04-06 22:15:00,2140.4,2140.95,2130.76,2135.19,3620.5972,2026-04-06 22:29:59.999,7731230.461313,50301,2082.43110000,4447445.20379300,0,ETHUSDT
2026-04-06 22:30:00,2135.19,2135.19,2128.6,2129.3,1400.613,2026-04-06 22:44:59.999,2985134.006155,27123,642.99510000,1370561.92129100,0,ETHUSDT
2026-04-06 22:45:00,2129.3,2129.3,2105.41,2105.41,9337.6661,2026-04-06 22:59:59.999,19772079.595346,83054,3271.14550000,6928313.36924500,0,ETHUSDT
2026-04-06 23:00:00,2105.41,2105.41,2087.5,2098.32,13071.9652,2026-04-06 23:14:59.999,27404222.939044,157611,6014.41850000,12607312.79691000,0,ETHUSDT
2026-04-06 23:15:00,2098.31,2099.95,2088.19,2091.47,6366.5637,2026-04-06 23:29:59.999,13329694.049228,77465,3689.48170000,7725071.05342700,0,ETHUSDT
2026-04-06 23:30:00,2091.46,2106.97,2089.0,2103.51,4747.4143,2026-04-06 23:44:59.999,9958853.91829,67505,2932.62540000,6150819.17208900,0,ETHUSDT
2026-04-06 23:45:00,2103.52,2110.39,2103.28,2107.16,2191.1832,2026-04-06 23:59:59.999,4617885.286551,40622,1233.39740000,2599212.51462500,0,ETHUSDT
2026-04-07 00:00:00,2107.16,2120.14,2105.63,2115.87,4639.4748,2026-04-07 00:14:59.999,9803672.091581,85112,2733.88740000,5777300.99389200,0,ETHUSDT
2026-04-07 00:15:00,2115.87,2119.52,2111.08,2114.63,3235.7688,2026-04-07 00:29:59.999,6844838.062175,56839,1503.05080000,3178738.34600500,0,ETHUSDT
2026-04-07 00:30:00,2114.63,2118.9,2107.5,2112.21,2938.2094,2026-04-07 00:44:59.999,6205395.810459,59491,1452.87930000,3068446.97860000,0,ETHUSDT
2026-04-07 00:45:00,2112.21,2117.38,2111.25,2112.66,1409.4396,2026-04-07 00:59:59.999,2980339.469779,38553,733.55740000,1551049.22219200,0,ETHUSDT
2026-04-07 01:00:00,2112.66,2112.66,2104.6,2107.37,2784.7656,2026-04-07 01:14:59.999,5871633.054949,64837,1015.42440000,2140562.02886100,0,ETHUSDT
2026-04-07 01:15:00,2107.37,2120.1,2107.37,2113.03,2876.7257,2026-04-07 01:29:59.999,6081782.472981,59867,1215.44350000,2569003.98747400,0,ETHUSDT
2026-04-07 01:30:00,2113.03,2114.7,2106.23,2110.12,2336.9505,2026-04-07 01:44:59.999,4932601.851641,53101,1158.23220000,2444337.64037300,0,ETHUSDT
2026-04-07 01:45:00,2110.13,2110.46,2097.3,2099.51,3346.7773,2026-04-07 01:59:59.999,7035751.645762,61514,941.33160000,1978544.02599900,0,ETHUSDT
2026-04-07 02:00:00,2099.51,2102.33,2093.64,2099.09,2934.7148,2026-04-07 02:14:59.999,6157857.5238,69703,1460.52530000,3064888.94220100,0,ETHUSDT
2026-04-07 02:15:00,2099.09,2106.37,2098.38,2106.16,1707.5265,2026-04-07 02:29:59.999,3590772.696862,36059,932.12420000,1960069.11278500,0,ETHUSDT
2026-04-07 02:30:00,2106.15,2111.63,2103.42,2106.03,1693.1139,2026-04-07 02:44:59.999,3569036.597547,36064,942.30950000,1986602.36311300,0,ETHUSDT
2026-04-07 02:45:00,2106.03,2107.43,2102.64,2106.84,1713.139,2026-04-07 02:59:59.999,3606169.334322,35364,814.10000000,1713636.66748000,0,ETHUSDT
2026-04-07 03:00:00,2106.84,2109.89,2104.54,2106.64,854.9045,2026-04-07 03:14:59.999,1801249.62039,24284,444.93930000,937473.12704700,0,ETHUSDT
2026-04-07 03:15:00,2106.63,2109.77,2103.77,2109.06,1097.3396,2026-04-07 03:29:59.999,2312196.387138,27177,682.74330000,1438622.38838400,0,ETHUSDT
2026-04-07 03:30:00,2109.06,2109.65,2107.69,2109.01,572.371,2026-04-07 03:44:59.999,1206861.135317,22745,246.15350000,519026.13986300,0,ETHUSDT
2026-04-07 03:45:00,2109.02,2109.53,2106.5,2108.37,667.0136,2026-04-07 03:59:59.999,1405950.007861,19759,340.42090000,717478.49191100,0,ETHUSDT
2026-04-07 04:00:00,2108.37,2109.0,2105.0,2106.06,1032.0445,2026-04-07 04:14:59.999,2173945.280016,21020,650.18170000,1369462.25763300,0,ETHUSDT
2026-04-07 04:15:00,2106.06,2107.76,2103.68,2105.93,723.1936,2026-04-07 04:29:59.999,1522848.965435,28297,327.35360000,689336.70468700,0,ETHUSDT
2026-04-07 04:30:00,2105.94,2113.64,2105.93,2113.3,1330.6393,2026-04-07 04:44:59.999,2809848.701607,36455,808.53140000,1707139.78462000,0,ETHUSDT
2026-04-07 04:45:00,2113.31,2119.21,2112.68,2114.22,1935.955,2026-04-07 04:59:59.999,4095853.101868,32596,1442.90880000,3052601.62468800,0,ETHUSDT
2026-04-07 05:00:00,2114.23,2114.61,2110.34,2111.06,892.1213,2026-04-07 05:14:59.999,1884029.178919,22282,441.44170000,932306.91571500,0,ETHUSDT
2026-04-07 05:15:00,2111.05,2112.43,2106.74,2106.74,1264.6334,2026-04-07 05:29:59.999,2668696.934676,30017,506.27180000,1068253.50522400,0,ETHUSDT
2026-04-07 05:30:00,2106.73,2106.93,2103.98,2104.7,748.8741,2026-04-07 05:44:59.999,1576697.617653,13920,346.27560000,729090.90127000,0,ETHUSDT
2026-04-07 05:45:00,2104.69,2106.56,2103.73,2105.52,1618.5485,2026-04-07 05:59:59.999,3406530.283478,13431,700.11400000,1473652.37897500,0,ETHUSDT
2026-04-07 06:00:00,2105.53,2105.74,2099.1,2100.45,2058.9432,2026-04-07 06:14:59.999,4329136.789561,22643,333.44600000,700979.82449300,0,ETHUSDT
2026-04-07 06:15:00,2100.45,2102.32,2096.69,2101.45,2165.1889,2026-04-07 06:29:59.999,4546382.014528,23476,725.49520000,1523626.99147000,0,ETHUSDT
2026-04-07 06:30:00,2101.44,2101.98,2098.25,2101.71,1266.3022,2026-04-07 06:44:59.999,2659593.843435,18255,469.47180000,986082.26661000,0,ETHUSDT
2026-04-07 06:45:00,2101.7,2106.58,2100.54,2104.25,1750.9418,2026-04-07 06:59:59.999,3683575.992234,18767,978.22520000,2057512.23760100,0,ETHUSDT
2026-04-07 07:00:00,2104.26,2104.52,2099.0,2101.8,876.9116,2026-04-07 07:14:59.999,1842330.685796,21451,422.24420000,887025.63746900,0,ETHUSDT
2026-04-07 07:15:00,2101.81,2104.32,2098.9,2101.2,1186.2088,2026-04-07 07:29:59.999,2492802.203603,19008,410.41550000,862351.32010700,0,ETHUSDT
2026-04-07 07:30:00,2101.21,2106.29,2101.2,2103.61,2546.6002,2026-04-07 07:44:59.999,5357582.438298,17441,2111.80490000,4442852.46125000,0,ETHUSDT
2026-04-07 07:45:00,2103.61,2105.85,2100.0,2104.04,2676.2729,2026-04-07 07:59:59.999,5626480.820548,10056,849.86020000,1787621.21894300,0,ETHUSDT
2026-04-07 08:00:00,2104.03,2112.16,2103.29,2108.2,3097.5249,2026-04-07 08:14:59.999,6531083.297399,32290,1986.33120000,4188300.20017200,0,ETHUSDT
2026-04-07 08:15:00,2108.19,2113.15,2106.18,2109.28,2223.9851,2026-04-07 08:29:59.999,4693051.45867,31764,976.25300000,2060255.96313000,0,ETHUSDT
2026-04-07 08:30:00,2109.28,2115.64,2109.28,2115.42,1855.8433,2026-04-07 08:44:59.999,3919230.244995,24724,885.13220000,1869652.76023000,0,ETHUSDT
2026-04-07 08:45:00,2115.42,2117.37,2113.1,2114.84,1325.1947,2026-04-07 08:59:59.999,2802795.550669,17530,807.90330000,1708794.10120900,0,ETHUSDT
2026-04-07 09:00:00,2114.85,2133.83,2114.13,2126.61,6692.0335,2026-04-07 09:14:59.999,14226581.483696,60330,4089.56670000,8691236.93449700,0,ETHUSDT
2026-04-07 09:15:00,2126.62,2128.38,2122.9,2125.39,1943.0431,2026-04-07 09:29:59.999,4130386.902435,27447,814.79270000,1731991.44488500,0,ETHUSDT
2026-04-07 09:30:00,2125.39,2131.24,2124.76,2128.55,3067.7312,2026-04-07 09:44:59.999,6531126.978045,24511,1625.92000000,3461295.92654300,0,ETHUSDT
2026-04-07 09:45:00,2128.54,2129.19,2126.17,2128.26,776.4973,2026-04-07 09:59:59.999,1651970.467669,14726,427.13590000,908790.57554700,0,ETHUSDT
2026-04-07 10:00:00,2128.26,2131.38,2116.22,2117.37,3302.3402,2026-04-07 10:14:59.999,7003155.426354,54734,1624.74160000,3445498.61056500,0,ETHUSDT
2026-04-07 10:15:00,2117.37,2123.12,2104.59,2106.5,4991.3697,2026-04-07 10:29:59.999,10551481.826307,54359,1676.03140000,3542760.40144200,0,ETHUSDT
2026-04-07 10:30:00,2106.49,2108.65,2096.78,2099.11,3693.1636,2026-04-07 10:44:59.999,7764547.291768,54283,1546.91480000,3252054.12371600,0,ETHUSDT
2026-04-07 10:45:00,2099.11,2099.95,2085.79,2089.32,7012.9518,2026-04-07 10:59:59.999,14675215.243158,66671,3298.04470000,6903237.47182600,0,ETHUSDT
2026-04-07 11:00:00,2089.31,2092.01,2082.35,2089.02,6204.8629,2026-04-07 11:14:59.999,12951912.772876,60709,3450.45260000,7204289.57482700,0,ETHUSDT
2026-04-07 11:15:00,2089.03,2094.03,2086.46,2091.72,2940.9812,2026-04-07 11:29:59.999,6146576.143333,35117,2004.87790000,4190137.69685300,0,ETHUSDT
2026-04-07 11:30:00,2091.71,2092.62,2087.0,2090.13,1586.3152,2026-04-07 11:44:59.999,3314196.339699,24219,831.81900000,1738048.24202100,0,ETHUSDT
2026-04-07 11:45:00,2090.13,2090.79,2087.72,2089.58,1967.6395,2026-04-07 11:59:59.999,4110711.837137,15797,993.79700000,2076050.82917600,0,ETHUSDT
2026-04-07 12:00:00,2089.58,2093.17,2074.09,2083.93,7823.9229,2026-04-07 12:14:59.999,16284297.857871,72309,3484.97260000,7253495.57619800,0,ETHUSDT
2026-04-07 12:15:00,2083.93,2088.1,2078.89,2084.94,3369.2643,2026-04-07 12:29:59.999,7019456.344086,48052,1641.62470000,3420308.66515000,0,ETHUSDT
2026-04-07 12:30:00,2084.96,2086.43,2075.14,2077.07,2739.2275,2026-04-07 12:44:59.999,5701883.36867,29057,1166.98030000,2430247.75891100,0,ETHUSDT
2026-04-07 12:45:00,2077.06,2091.68,2074.5,2086.99,5621.4167,2026-04-07 12:59:59.999,11711123.506557,55580,3163.71060000,6591339.68436400,0,ETHUSDT
2026-04-07 13:00:00,2086.99,2093.17,2084.27,2090.14,2982.6592,2026-04-07 13:14:59.999,6231886.686487,37634,1889.44620000,3947986.82484700,0,ETHUSDT
2026-04-07 13:15:00,2090.13,2090.52,2083.54,2084.53,1667.6589,2026-04-07 13:29:59.999,3478290.279277,24655,609.50040000,1271057.67118400,0,ETHUSDT
2026-04-07 13:30:00,2084.54,2089.96,2076.08,2078.76,4733.9337,2026-04-07 13:44:59.999,9855184.907375,95265,1981.53390000,4124981.39308800,0,ETHUSDT
2026-04-07 13:45:00,2078.76,2083.57,2074.5,2074.97,4198.6656,2026-04-07 13:59:59.999,8725188.064687,76077,1784.90000000,3710340.95939700,0,ETHUSDT
2026-04-07 14:00:00,2074.98,2077.25,2060.24,2067.39,10334.6082,2026-04-07 14:14:59.999,21371296.218464,112732,4089.17580000,8455769.72902000,0,ETHUSDT
2026-04-07 14:15:00,2067.4,2078.18,2062.54,2076.88,8452.464,2026-04-07 14:29:59.999,17478424.004412,74716,6043.70870000,12491399.36258800,0,ETHUSDT
2026-04-07 14:30:00,2076.87,2078.31,2070.35,2072.11,3469.5231,2026-04-07 14:44:59.999,7195138.22175,60495,1621.55620000,3363388.06630300,0,ETHUSDT
2026-04-07 14:45:00,2072.11,2081.46,2069.33,2069.44,3601.2127,2026-04-07 14:59:59.999,7471044.619616,51051,1536.98570000,3189559.11635100,0,ETHUSDT
2026-04-07 15:00:00,2069.44,2073.62,2064.76,2070.78,6107.317,2026-04-07 15:14:59.999,12635721.889135,58621,2703.26390000,5594028.38224100,0,ETHUSDT
2026-04-07 15:15:00,2070.78,2081.15,2070.37,2080.58,5487.8878,2026-04-07 15:29:59.999,11398408.940534,62262,3668.72310000,7620298.13668600,0,ETHUSDT
2026-04-07 15:30:00,2080.58,2082.74,2075.92,2076.91,3889.2041,2026-04-07 15:44:59.999,8089436.196973,41051,2192.93660000,4562042.70746000,0,ETHUSDT
2026-04-07 15:45:00,2076.91,2083.75,2075.69,2080.06,2069.9967,2026-04-07 15:59:59.999,4304690.469188,34905,1250.07330000,2599804.11095900,0,ETHUSDT
2026-04-07 16:00:00,2080.07,2089.69,2077.89,2079.56,4070.0531,2026-04-07 16:14:59.999,8480554.333427,56417,2088.55310000,4354046.63230900,0,ETHUSDT
2026-04-07 16:15:00,2079.57,2085.27,2077.52,2084.71,2381.0048,2026-04-07 16:29:59.999,4955659.006516,47458,1185.01030000,2466450.09767700,0,ETHUSDT
2026-04-07 16:30:00,2084.7,2087.39,2082.49,2086.97,2177.1561,2026-04-07 16:44:59.999,4538264.994394,31059,1062.31800000,2214547.07919700,0,ETHUSDT
2026-04-07 16:45:00,2086.97,2090.14,2082.11,2083.76,1901.7754,2026-04-07 16:59:59.999,3969815.834427,24804,940.85970000,1964512.43082300,0,ETHUSDT
2026-04-07 17:00:00,2083.75,2087.77,2082.03,2082.49,1749.1639,2026-04-07 17:14:59.999,3647373.52593,30667,751.69030000,1567335.79711500,0,ETHUSDT
2026-04-07 17:15:00,2082.5,2086.14,2079.8,2085.26,1305.4508,2026-04-07 17:29:59.999,2719030.859805,20377,552.27140000,1150331.34959300,0,ETHUSDT
2026-04-07 17:30:00,2085.26,2115.17,2085.26,2097.23,10697.5029,2026-04-07 17:44:59.999,22479541.776545,91451,6046.53330000,12705784.58240100,0,ETHUSDT
2026-04-07 17:45:00,2097.22,2102.55,2096.84,2099.5,2544.5911,2026-04-07 17:59:59.999,5343569.923071,31500,1680.38850000,3528857.24520200,0,ETHUSDT
2026-04-07 18:00:00,2099.49,2101.39,2094.0,2096.93,1597.7234,2026-04-07 18:14:59.999,3350447.452507,24530,709.82150000,1488893.83023100,0,ETHUSDT
2026-04-07 18:15:00,2096.93,2096.93,2093.48,2094.8,1373.7684,2026-04-07 18:29:59.999,2878546.176692,24470,768.08620000,1609428.41678000,0,ETHUSDT
2026-04-07 18:30:00,2094.79,2098.14,2090.16,2090.91,1267.4733,2026-04-07 18:44:59.999,2653489.703775,27574,506.35310000,1060246.53054400,0,ETHUSDT
2026-04-07 18:45:00,2090.91,2091.42,2082.43,2086.3,3356.3934,2026-04-07 18:59:59.999,7002616.369979,33458,1236.59740000,2580279.01255000,0,ETHUSDT
2026-04-07 19:00:00,2086.29,2090.13,2084.04,2088.03,1392.2051,2026-04-07 19:14:59.999,2905440.065322,31749,757.79770000,1581444.29478900,0,ETHUSDT
2026-04-07 19:15:00,2088.04,2105.05,2088.04,2096.64,4901.5138,2026-04-07 19:29:59.999,10275319.428332,74844,2969.69150000,6225240.61463900,0,ETHUSDT
2026-04-07 19:30:00,2096.64,2096.64,2090.56,2094.65,1663.2674,2026-04-07 19:44:59.999,3481488.603253,39357,842.60190000,1763727.12007400,0,ETHUSDT
2026-04-07 19:45:00,2094.65,2116.65,2094.01,2113.39,12823.0894,2026-04-07 19:59:59.999,27042342.999738,132593,7384.39040000,15570194.59497700,0,ETHUSDT
2026-04-07 20:00:00,2113.39,2125.59,2112.94,2119.74,7431.6681,2026-04-07 20:14:59.999,15762772.290512,69817,3645.48540000,7730917.12688400,0,ETHUSDT
2026-04-07 20:15:00,2119.75,2121.89,2113.04,2115.78,3221.6189,2026-04-07 20:29:59.999,6816085.616406,38011,1141.70890000,2416081.26412000,0,ETHUSDT
2026-04-07 20:30:00,2115.77,2119.94,2112.32,2115.72,1763.8219,2026-04-07 20:44:59.999,3731845.636727,34239,629.22870000,1331542.29089300,0,ETHUSDT
2026-04-07 20:45:00,2115.72,2115.94,2110.68,2115.53,1973.6496,2026-04-07 20:59:59.999,4172630.961277,19257,832.25260000,1759449.59898800,0,ETHUSDT
2026-04-07 21:00:00,2115.52,2153.0,2115.52,2142.31,14686.3488,2026-04-07 21:14:59.999,31431869.449341,111979,10252.79980000,21944458.51386700,0,ETHUSDT
2026-04-07 21:15:00,2142.3,2144.32,2128.19,2130.84,5241.9689,2026-04-07 21:29:59.999,11200692.341953,49668,1699.70350000,3630267.30245300,0,ETHUSDT
2026-04-07 21:30:00,2130.84,2143.49,2130.84,2143.49,3794.7544,2026-04-07 21:44:59.999,8116351.359611,39942,2324.39020000,4971695.21491900,0,ETHUSDT
2026-04-07 21:45:00,2143.49,2150.97,2140.59,2145.04,6294.4544,2026-04-07 21:59:59.999,13506364.014005,56390,3616.40680000,7761149.36928800,0,ETHUSDT
2026-04-07 22:00:00,2145.05,2165.82,2145.05,2159.09,11256.8969,2026-04-07 22:14:59.999,24276804.304977,117227,6345.61730000,13684730.70715500,0,ETHUSDT
2026-04-07 22:15:00,2159.1,2161.35,2153.57,2159.74,6304.8611,2026-04-07 22:29:59.999,13610452.979046,52855,2242.08710000,4840349.66853300,0,ETHUSDT
2026-04-07 22:30:00,2159.74,2192.04,2159.74,2178.01,36334.018,2026-04-07 22:44:59.999,79189702.010015,272113,20697.37160000,45118177.02680800,0,ETHUSDT
2026-04-07 22:45:00,2178.01,2219.88,2175.7,2219.77,26404.0066,2026-04-07 22:59:59.999,58040856.471698,179979,15939.70060000,35043562.69880900,0,ETHUSDT
2026-04-07 23:00:00,2219.78,2242.0,2215.73,2230.9,28171.3325,2026-04-07 23:14:59.999,62783558.9738,255214,15425.34090000,34396469.06659000,0,ETHUSDT
2026-04-07 23:15:00,2230.91,2270.61,2221.25,2270.38,28294.829,2026-04-07 23:29:59.999,63602597.295771,235570,16632.34420000,37401659.76963900,0,ETHUSDT
2026-04-07 23:30:00,2270.36,2273.87,2241.49,2248.31,20583.374,2026-04-07 23:44:59.999,46413395.19893,181151,7881.86360000,17784715.91668200,0,ETHUSDT
2026-04-07 23:45:00,2248.31,2260.5,2238.47,2240.01,15023.0204,2026-04-07 23:59:59.999,33793789.367582,120734,6453.74200000,14516850.88477500,0,ETHUSDT
2026-04-08 00:00:00,2240.01,2251.39,2237.36,2243.63,9829.1174,2026-04-08 00:14:59.999,22052593.093765,103397,5355.00270000,12017345.97260000,0,ETHUSDT
2026-04-08 00:15:00,2243.63,2249.1,2238.31,2240.1,6448.9393,2026-04-08 00:29:59.999,14462388.202482,63986,2470.91060000,5542002.31242000,0,ETHUSDT
2026-04-08 00:30:00,2240.11,2243.29,2232.84,2236.44,8238.8143,2026-04-08 00:44:59.999,18429852.276018,72380,4307.23720000,9634513.21347400,0,ETHUSDT
2026-04-08 00:45:00,2236.44,2238.16,2228.24,2236.08,5839.933,2026-04-08 00:59:59.999,13035947.047468,54247,2844.73020000,6349633.03768300,0,ETHUSDT
2026-04-08 01:00:00,2236.09,2242.77,2231.89,2241.4,4743.0226,2026-04-08 01:14:59.999,10615631.560479,53173,2779.59200000,6221598.44325000,0,ETHUSDT
2026-04-08 01:15:00,2241.41,2241.41,2230.45,2232.69,3512.056,2026-04-08 01:29:59.999,7848245.750693,41364,1275.91370000,2851559.09528000,0,ETHUSDT
2026-04-08 01:30:00,2232.7,2239.54,2231.95,2236.85,3159.7425,2026-04-08 01:44:59.999,7066319.345512,30158,1458.75260000,3261081.98992700,0,ETHUSDT
2026-04-08 01:45:00,2236.84,2239.82,2233.43,2234.06,2445.317,2026-04-08 01:59:59.999,5469230.835489,23772,931.94970000,2084714.37289400,0,ETHUSDT
2026-04-08 02:00:00,2234.07,2247.42,2232.68,2245.43,7688.6264,2026-04-08 02:14:59.999,17233822.20159,53020,4531.66140000,10158513.96701200,0,ETHUSDT
2026-04-08 02:15:00,2245.44,2245.68,2230.76,2236.1,4646.8045,2026-04-08 02:29:59.999,10390919.750526,38244,1709.32560000,3821236.70312300,0,ETHUSDT
2026-04-08 02:30:00,2236.1,2237.08,2230.95,2233.0,3582.9175,2026-04-08 02:44:59.999,8002925.096369,33965,1548.36030000,3458286.81717300,0,ETHUSDT
2026-04-08 02:45:00,2232.99,2237.42,2231.36,2237.28,2569.5592,2026-04-08 02:59:59.999,5741949.872849,29830,1250.02100000,2793425.83790700,0,ETHUSDT
2026-04-08 03:00:00,2237.28,2238.05,2233.39,2233.39,1736.0078,2026-04-08 03:14:59.999,3881850.429083,18574,700.24830000,1565690.94141600,0,ETHUSDT
2026-04-08 03:15:00,2233.4,2239.46,2232.0,2239.23,3124.2424,2026-04-08 03:29:59.999,6982195.928001,22817,1683.20190000,3761326.86802800,0,ETHUSDT
2026-04-08 03:30:00,2239.22,2239.22,2235.42,2237.19,1771.7764,2026-04-08 03:44:59.999,3963860.765861,18242,847.75220000,1896473.96081800,0,ETHUSDT
2026-04-08 03:45:00,2237.19,2237.29,2233.68,2234.68,1946.4506,2026-04-08 03:59:59.999,4350354.507067,12540,943.33000000,2108285.95419700,0,ETHUSDT
2026-04-08 04:00:00,2234.68,2250.0,2234.68,2243.64,7851.2841,2026-04-08 04:14:59.999,17614247.897833,44545,3901.11060000,8750778.79428900,0,ETHUSDT
2026-04-08 04:15:00,2243.65,2247.55,2242.1,2244.98,2068.242,2026-04-08 04:29:59.999,4641124.797352,25976,1055.43000000,2368452.05602700,0,ETHUSDT
2026-04-08 04:30:00,2244.98,2252.5,2243.6,2248.82,4692.935,2026-04-08 04:44:59.999,10554062.896343,33171,2776.25430000,6244079.95451700,0,ETHUSDT
2026-04-08 04:45:00,2248.82,2250.46,2240.03,2240.77,2670.4144,2026-04-08 04:59:59.999,5996815.738058,26226,859.29990000,1930250.20904200,0,ETHUSDT
2026-04-08 05:00:00,2240.76,2244.66,2240.37,2241.72,2268.273,2026-04-08 05:14:59.999,5086408.834261,30221,1027.80590000,2304986.43249000,0,ETHUSDT
2026-04-08 05:15:00,2241.72,2245.1,2240.56,2244.1,1518.0604,2026-04-08 05:29:59.999,3404918.323331,18978,639.09180000,1433526.55567400,0,ETHUSDT
2026-04-08 05:30:00,2244.09,2244.42,2239.5,2240.62,2618.6956,2026-04-08 05:44:59.999,5869319.254116,21816,1049.54750000,2352775.80028200,0,ETHUSDT
2026-04-08 05:45:00,2240.63,2245.0,2238.3,2240.7,1850.2719,2026-04-08 05:59:59.999,4147040.114542,24477,848.42720000,1902010.18592400,0,ETHUSDT
2026-04-08 06:00:00,2240.7,2242.4,2235.49,2241.52,2343.2024,2026-04-08 06:14:59.999,5245919.803201,26171,1051.02590000,2353789.99052500,0,ETHUSDT
2026-04-08 06:15:00,2241.53,2253.86,2240.49,2250.94,9025.7263,2026-04-08 06:29:59.999,20305321.50421,42610,4344.32440000,9772467.44822100,0,ETHUSDT
2026-04-08 06:30:00,2250.96,2250.96,2248.0,2249.18,2450.0248,2026-04-08 06:44:59.999,5510806.272838,21952,1078.43060000,2425618.78448300,0,ETHUSDT
2026-04-08 06:45:00,2249.19,2250.73,2245.32,2246.01,2122.3687,2026-04-08 06:59:59.999,4770888.491131,16854,754.42400000,1695671.92818400,0,ETHUSDT
2026-04-08 07:00:00,2246.01,2251.61,2244.63,2250.63,1926.5881,2026-04-08 07:14:59.999,4329600.883617,22503,985.41650000,2214799.65656500,0,ETHUSDT
2026-04-08 07:15:00,2250.62,2260.76,2249.1,2256.8,7674.1162,2026-04-08 07:29:59.999,17318605.367286,45649,4639.68070000,10472132.76691600,0,ETHUSDT
2026-04-08 07:30:00,2256.79,2256.79,2247.3,2250.72,4489.2988,2026-04-08 07:44:59.999,10101033.177247,33825,1426.76090000,3210015.00548600,0,ETHUSDT
2026-04-08 07:45:00,2250.71,2253.76,2249.43,2253.76,4186.5081,2026-04-08 07:59:59.999,9425715.792032,15226,1314.79840000,2960281.40765000,0,ETHUSDT
2026-04-08 08:00:00,2253.76,2259.51,2252.25,2254.01,5117.5781,2026-04-08 08:14:59.999,11543716.677783,27462,2978.11890000,6718171.44481100,0,ETHUSDT
2026-04-08 08:15:00,2254.01,2258.97,2252.86,2256.34,2117.7058,2026-04-08 08:29:59.999,4778385.88773,25071,1155.38820000,2607101.22272100,0,ETHUSDT
2026-04-08 08:30:00,2256.35,2259.31,2250.44,2253.23,4489.6475,2026-04-08 08:44:59.999,10125250.533941,50668,2158.86370000,4869084.41059200,0,ETHUSDT
2026-04-08 08:45:00,2253.22,2257.93,2252.47,2256.48,2267.3245,2026-04-08 08:59:59.999,5114255.562413,28001,1428.41860000,3222150.29584900,0,ETHUSDT
2026-04-08 09:00:00,2256.47,2263.35,2256.47,2257.64,3856.9301,2026-04-08 09:14:59.999,8714314.833708,32008,2072.60930000,4682970.68873700,0,ETHUSDT
2026-04-08 09:15:00,2257.64,2258.98,2250.45,2250.45,6415.0974,2026-04-08 09:29:59.999,14467271.249893,29276,2003.38720000,4519825.60452300,0,ETHUSDT
2026-04-08 09:30:00,2250.46,2253.07,2246.42,2246.43,4924.2929,2026-04-08 09:44:59.999,11079124.6085,26607,3131.22940000,7045344.75642700,0,ETHUSDT
2026-04-08 09:45:00,2246.43,2251.0,2245.99,2249.59,4169.0705,2026-04-08 09:59:59.999,9370423.040369,27217,2149.65950000,4830488.80790000,0,ETHUSDT
2026-04-08 10:00:00,2249.59,2253.86,2246.73,2248.09,2202.457,2026-04-08 10:14:59.999,4955559.533504,30270,731.95820000,1647460.44107300,0,ETHUSDT
2026-04-08 10:15:00,2248.08,2251.98,2246.85,2250.02,1179.5919,2026-04-08 10:29:59.999,2653197.823466,21042,464.32500000,1044376.95414400,0,ETHUSDT
2026-04-08 10:30:00,2250.02,2250.38,2242.39,2244.94,2366.1705,2026-04-08 10:44:59.999,5312456.319838,29093,614.35150000,1379160.07782300,0,ETHUSDT
2026-04-08 10:45:00,2244.94,2248.38,2242.39,2242.67,1254.6068,2026-04-08 10:59:59.999,2817148.003718,17912,355.22500000,797704.67974700,0,ETHUSDT
2026-04-08 11:00:00,2242.66,2249.42,2241.22,2248.24,1453.4574,2026-04-08 11:14:59.999,3262181.793956,21873,624.57880000,1402156.96670700,0,ETHUSDT
2026-04-08 11:15:00,2248.24,2254.72,2245.0,2253.69,2378.6525,2026-04-08 11:29:59.999,5352735.110325,24110,1620.62950000,3647135.68331100,0,ETHUSDT
2026-04-08 11:30:00,2253.68,2253.69,2237.12,2241.69,3413.5245,2026-04-08 11:44:59.999,7659057.203584,32603,1145.05450000,2569309.94539600,0,ETHUSDT
2026-04-08 11:45:00,2241.69,2248.5,2239.06,2247.23,4720.5028,2026-04-08 11:59:59.999,10588300.556175,42164,2375.83950000,5330044.51677600,0,ETHUSDT
2026-04-08 12:00:00,2247.23,2254.0,2247.23,2253.99,6098.8262,2026-04-08 12:14:59.999,13725568.350376,35503,1491.76280000,3357500.96336200,0,ETHUSDT
2026-04-08 12:15:00,2253.99,2254.81,2242.67,2248.35,3824.2977,2026-04-08 12:29:59.999,8596547.238793,60308,1435.04450000,3226425.87160800,0,ETHUSDT
2026-04-08 12:30:00,2248.35,2256.48,2247.72,2254.8,2607.1071,2026-04-08 12:44:59.999,5875097.050374,34749,1327.48180000,2991304.34999800,0,ETHUSDT
2026-04-08 12:45:00,2254.79,2259.33,2253.52,2255.88,3126.8111,2026-04-08 12:59:59.999,7053054.117743,40544,1866.89460000,4211219.27298100,0,ETHUSDT
2026-04-08 13:00:00,2255.88,2270.55,2255.32,2261.88,10062.3668,2026-04-08 13:14:59.999,22771479.635199,89969,5448.95740000,12336434.76965000,0,ETHUSDT
2026-04-08 13:15:00,2261.89,2267.18,2253.52,2260.63,5007.5388,2026-04-08 13:29:59.999,11316862.695179,59094,2140.52120000,4839599.71290300,0,ETHUSDT
2026-04-08 13:30:00,2260.64,2266.08,2234.61,2235.35,12014.4662,2026-04-08 13:44:59.999,26984611.50906,169918,3940.77230000,8851218.24604000,0,ETHUSDT
2026-04-08 13:45:00,2235.35,2246.22,2231.58,2236.06,11161.244,2026-04-08 13:59:59.999,24983913.736931,120966,5768.81120000,12917776.54095300,0,ETHUSDT
2026-04-08 14:00:00,2236.05,2240.94,2221.59,2231.43,11831.4517,2026-04-08 14:14:59.999,26372156.389133,121485,5983.15900000,13335093.41289200,0,ETHUSDT
2026-04-08 14:15:00,2231.43,2234.17,2224.75,2225.69,4309.4633,2026-04-08 14:29:59.999,9604156.363168,78496,1935.08010000,4312685.83257900,0,ETHUSDT
2026-04-08 14:30:00,2225.69,2227.9,2202.3,2206.96,18749.0011,2026-04-08 14:44:59.999,41441172.627145,162610,8608.04250000,19026703.81658200,0,ETHUSDT
2026-04-08 14:45:00,2206.96,2209.15,2186.61,2195.22,20575.785,2026-04-08 14:59:59.999,45201922.099077,156279,10852.41110000,23846893.46367200,0,ETHUSDT
2026-04-08 15:00:00,2195.23,2204.95,2193.46,2204.94,6318.1424,2026-04-08 15:14:59.999,13891007.977299,83870,3635.30360000,7993042.67910600,0,ETHUSDT
2026-04-08 15:15:00,2204.95,2209.12,2200.74,2206.72,4749.6595,2026-04-08 15:29:59.999,10475270.039598,59059,2425.61810000,5350257.49795200,0,ETHUSDT
2026-04-08 15:30:00,2206.72,2218.35,2204.36,2211.62,6493.2823,2026-04-08 15:44:59.999,14373371.891937,85532,3348.26020000,7412256.19350800,0,ETHUSDT
2026-04-08 15:45:00,2211.63,2216.83,2211.35,2215.45,2553.5882,2026-04-08 15:59:59.999,5654077.267715,43765,1239.80190000,2745374.32736900,0,ETHUSDT
2026-04-08 16:00:00,2215.44,2218.18,2212.44,2215.7,2654.6008,2026-04-08 16:14:59.999,5882428.521189,53095,1279.37110000,2835332.83807500,0,ETHUSDT
2026-04-08 16:15:00,2215.69,2222.65,2213.08,2219.25,3574.0927,2026-04-08 16:29:59.999,7931464.541805,59768,1691.51710000,3753980.66448200,0,ETHUSDT
2026-04-08 16:30:00,2219.25,2219.58,2211.23,2217.02,3080.2578,2026-04-08 16:44:59.999,6822332.701979,48395,1247.09470000,2762453.53701100,0,ETHUSDT
2026-04-08 16:45:00,2217.02,2225.41,2215.63,2220.76,3779.3601,2026-04-08 16:59:59.999,8394020.355789,46635,2044.90950000,4541848.26156300,0,ETHUSDT
2026-04-08 17:00:00,2220.77,2227.09,2220.54,2225.52,2530.4695,2026-04-08 17:14:59.999,5626069.462885,46522,1564.80020000,3478974.30834500,0,ETHUSDT
2026-04-08 17:15:00,2225.51,2225.68,2213.03,2219.28,3623.7124,2026-04-08 17:29:59.999,8045302.999844,55875,1506.63020000,3346554.71391200,0,ETHUSDT
2026-04-08 17:30:00,2219.28,2239.5,2219.28,2233.93,6946.3561,2026-04-08 17:44:59.999,15495810.19714,83515,4189.35090000,9343814.82898000,0,ETHUSDT
2026-04-08 17:45:00,2233.93,2235.04,2230.29,2231.88,1575.1651,2026-04-08 17:59:59.999,3516598.596316,29299,747.73330000,1669608.21923100,0,ETHUSDT
2026-04-08 18:00:00,2231.87,2232.65,2224.58,2227.03,2211.0699,2026-04-08 18:14:59.999,4928464.782453,44886,855.40100000,1907032.94970300,0,ETHUSDT
2026-04-08 18:15:00,2227.04,2228.56,2211.85,2213.03,5103.5691,2026-04-08 18:29:59.999,11315081.845953,95476,1645.58880000,3647843.05976500,0,ETHUSDT
2026-04-08 18:30:00,2213.03,2219.88,2207.23,2207.76,2513.319,2026-04-08 18:44:59.999,5562918.841215,60837,975.84450000,2160527.45792200,0,ETHUSDT
2026-04-08 18:45:00,2207.76,2210.49,2199.32,2201.41,5656.3447,2026-04-08 18:59:59.999,12463261.789461,60239,2914.45660000,6419842.82504300,0,ETHUSDT
2026-04-08 19:00:00,2201.4,2206.78,2197.7,2205.5,3430.2764,2026-04-08 19:14:59.999,7552627.601459,56507,1517.53160000,3341818.42493300,0,ETHUSDT
2026-04-08 19:15:00,2205.49,2206.18,2199.7,2199.7,1572.8026,2026-04-08 19:29:59.999,3465091.519718,36457,596.50240000,1314288.04248900,0,ETHUSDT
2026-04-08 19:30:00,2199.71,2209.24,2197.76,2206.4,3724.2697,2026-04-08 19:44:59.999,8210369.438851,51642,1706.86990000,3762483.70013300,0,ETHUSDT
2026-04-08 19:45:00,2206.4,2211.74,2205.7,2211.04,1560.6421,2026-04-08 19:59:59.999,3446433.095832,32470,780.61360000,1724133.84499100,0,ETHUSDT
2026-04-08 20:00:00,2211.03,2216.17,2210.61,2214.98,1609.2062,2026-04-08 20:14:59.999,3562535.183833,32810,973.19860000,2154333.18685600,0,ETHUSDT
2026-04-08 20:15:00,2214.97,2216.66,2212.64,2214.54,984.9509,2026-04-08 20:29:59.999,2181386.76757,15829,458.66950000,1015865.30824800,0,ETHUSDT
2026-04-08 20:30:00,2214.54,2214.69,2205.84,2207.17,1274.307,2026-04-08 20:44:59.999,2816151.140467,22648,461.29480000,1019591.09736000,0,ETHUSDT
2026-04-08 20:45:00,2207.17,2210.08,2205.84,2209.81,1248.553,2026-04-08 20:59:59.999,2757382.729083,17461,747.61590000,1651022.48927100,0,ETHUSDT
2026-04-08 21:00:00,2209.81,2219.26,2207.9,2214.59,3137.4627,2026-04-08 21:14:59.999,6940548.276634,24648,1214.87520000,2688084.99537100,0,ETHUSDT
2026-04-08 21:15:00,2214.59,2222.55,2214.32,2220.29,1518.6947,2026-04-08 21:29:59.999,3370212.553707,20042,1031.53470000,2289108.06492900,0,ETHUSDT
2026-04-08 21:30:00,2220.29,2221.12,2214.77,2215.62,1408.5091,2026-04-08 21:44:59.999,3124611.216109,24692,600.88370000,1332915.90136100,0,ETHUSDT
2026-04-08 21:45:00,2215.62,2217.58,2212.97,2214.53,1076.3351,2026-04-08 21:59:59.999,2384348.223664,17398,475.57280000,1053517.71324700,0,ETHUSDT
2026-04-08 22:00:00,2214.54,2215.15,2208.75,2209.96,1324.4126,2026-04-08 22:14:59.999,2929343.913634,25956,540.05860000,1194595.46977500,0,ETHUSDT
2026-04-08 22:15:00,2209.96,2210.99,2192.0,2193.51,4897.3057,2026-04-08 22:29:59.999,10772407.272994,44521,1157.44620000,2545909.81257700,0,ETHUSDT
2026-04-08 22:30:00,2193.52,2201.69,2186.97,2198.01,4151.1992,2026-04-08 22:44:59.999,9108498.770901,47546,2167.26180000,4757630.50622300,0,ETHUSDT
2026-04-08 22:45:00,2198.01,2199.78,2189.31,2189.87,2116.4281,2026-04-08 22:59:59.999,4644430.498985,30892,782.32650000,1717327.84177500,0,ETHUSDT
2026-04-08 23:00:00,2189.86,2193.7,2183.0,2193.47,5024.5627,2026-04-08 23:14:59.999,10988993.0155,57257,2457.24590000,5375736.14541400,0,ETHUSDT
2026-04-08 23:15:00,2193.47,2193.95,2179.78,2184.94,4376.4752,2026-04-08 23:29:59.999,9562962.1549,47519,1546.17170000,3378994.91272900,0,ETHUSDT
2026-04-08 23:30:00,2184.93,2189.8,2182.25,2187.77,2351.782,2026-04-08 23:44:59.999,5142895.22956,35050,1386.52200000,3032362.18791000,0,ETHUSDT
2026-04-08 23:45:00,2187.78,2192.56,2187.56,2190.0,1832.1616,2026-04-08 23:59:59.999,4012374.972205,26665,871.05390000,1907881.00891000,0,ETHUSDT
2026-04-09 00:00:00,2190.0,2193.79,2188.5,2191.48,1623.4391,2026-04-09 00:14:59.999,3556338.259549,38997,706.40710000,1547680.57346700,0,ETHUSDT
2026-04-09 00:15:00,2191.49,2192.42,2184.6,2184.92,1854.0931,2026-04-09 00:29:59.999,4056821.439254,35394,510.97000000,1118310.63508200,0,ETHUSDT
2026-04-09 00:30:00,2184.92,2187.38,2179.3,2183.01,3243.9344,2026-04-09 00:44:59.999,7080000.398183,52140,981.52220000,2142516.42848500,0,ETHUSDT
2026-04-09 00:45:00,2183.0,2186.65,2180.15,2183.03,2904.7421,2026-04-09 00:59:59.999,6339847.948112,39889,1087.38830000,2373838.76558700,0,ETHUSDT
2026-04-09 01:00:00,2183.03,2185.27,2162.0,2171.71,8704.6574,2026-04-09 01:14:59.999,18900105.39179,82032,3244.88300000,7046306.46115700,0,ETHUSDT
2026-04-09 01:15:00,2171.7,2172.14,2165.32,2170.09,2207.3201,2026-04-09 01:29:59.999,4787309.211289,40930,812.90700000,1763399.46218100,0,ETHUSDT
2026-04-09 01:30:00,2170.09,2178.47,2168.91,2174.74,1716.7915,2026-04-09 01:44:59.999,3734064.623157,39969,936.62900000,2037185.22781300,0,ETHUSDT
2026-04-09 01:45:00,2174.74,2179.81,2171.58,2178.69,2499.1475,2026-04-09 01:59:59.999,5439451.491467,28045,1191.73980000,2593419.18299400,0,ETHUSDT
2026-04-09 02:00:00,2178.68,2182.34,2174.57,2174.96,1820.4639,2026-04-09 02:14:59.999,3967183.723643,31971,795.09200000,1733060.21180700,0,ETHUSDT
2026-04-09 02:15:00,2174.97,2183.97,2174.01,2182.01,1326.8647,2026-04-09 02:29:59.999,2891559.112632,23687,677.65170000,1476950.77653800,0,ETHUSDT
2026-04-09 02:30:00,2182.01,2183.84,2176.72,2179.66,1282.1966,2026-04-09 02:44:59.999,2796425.101203,27451,457.81600000,998477.06476400,0,ETHUSDT
2026-04-09 02:45:00,2179.66,2185.5,2178.9,2181.69,1553.0586,2026-04-09 02:59:59.999,3390160.579474,28253,868.99980000,1896984.63286500,0,ETHUSDT
2026-04-09 03:00:00,2181.69,2183.58,2179.65,2180.84,616.9279,2026-04-09 03:14:59.999,1345611.169304,15664,250.61520000,546681.84780600,0,ETHUSDT
2026-04-09 03:15:00,2180.84,2181.69,2176.55,2178.55,1467.1795,2026-04-09 03:29:59.999,3197926.677145,19452,660.44790000,1439738.66647600,0,ETHUSDT
2026-04-09 03:30:00,2178.55,2181.13,2177.16,2177.99,645.2051,2026-04-09 03:44:59.999,1406103.658555,14231,192.39570000,419276.73792700,0,ETHUSDT
2026-04-09 03:45:00,2177.99,2183.98,2175.6,2182.49,1442.951,2026-04-09 03:59:59.999,3146814.68055,19211,694.30050000,1514166.98310800,0,ETHUSDT
2026-04-09 04:00:00,2182.49,2182.49,2178.79,2179.44,1085.5543,2026-04-09 04:14:59.999,2367215.172122,14233,295.09990000,643487.67323600,0,ETHUSDT
2026-04-09 04:15:00,2179.44,2179.44,2176.42,2178.19,927.8647,2026-04-09 04:29:59.999,2020915.435708,12594,322.21120000,701801.81930200,0,ETHUSDT
2026-04-09 04:30:00,2178.19,2180.99,2177.8,2179.76,847.0162,2026-04-09 04:44:59.999,1846205.545083,9652,268.52620000,585317.81609200,0,ETHUSDT
2026-04-09 04:45:00,2179.76,2180.82,2176.54,2177.64,1319.7721,2026-04-09 04:59:59.999,2875148.983107,14865,477.83910000,1040930.33736000,0,ETHUSDT
2026-04-09 05:00:00,2177.64,2179.19,2175.6,2178.02,722.5769,2026-04-09 05:14:59.999,1573225.283646,14915,224.01300000,487813.90620200,0,ETHUSDT
2026-04-09 05:15:00,2178.02,2181.86,2176.66,2181.6,1705.1503,2026-04-09 05:29:59.999,3716052.405118,21074,779.09320000,1698145.05759300,0,ETHUSDT
2026-04-09 05:30:00,2181.61,2188.99,2180.79,2187.77,3793.9753,2026-04-09 05:44:59.999,8290751.096971,26580,1638.91840000,3582158.50314000,0,ETHUSDT
2026-04-09 05:45:00,2187.78,2187.78,2180.01,2182.17,1481.1504,2026-04-09 05:59:59.999,3232875.273321,17439,297.63970000,649700.52241600,0,ETHUSDT
2026-04-09 06:00:00,2182.18,2186.13,2182.18,2183.27,791.7474,2026-04-09 06:14:59.999,1729436.610715,18479,338.25120000,738845.42197200,0,ETHUSDT
2026-04-09 06:15:00,2183.28,2183.28,2176.29,2177.57,1957.3483,2026-04-09 06:29:59.999,4264825.562246,19896,446.22940000,972183.09838800,0,ETHUSDT
2026-04-09 06:30:00,2177.58,2180.08,2175.6,2178.3,1001.1296,2026-04-09 06:44:59.999,2180374.240966,19472,358.84110000,781553.39798700,0,ETHUSDT
2026-04-09 06:45:00,2178.31,2181.52,2177.28,2181.51,523.6261,2026-04-09 06:59:59.999,1141201.871128,6754,225.89270000,492313.16488400,0,ETHUSDT
2026-04-09 07:00:00,2181.52,2185.78,2181.52,2184.65,1605.7787,2026-04-09 07:14:59.999,3507710.952528,17402,1030.47050000,2250822.01722100,0,ETHUSDT
2026-04-09 07:15:00,2184.65,2184.66,2180.41,2181.1,720.7895,2026-04-09 07:29:59.999,1572731.595279,11538,274.43250000,598711.09362600,0,ETHUSDT
2026-04-09 07:30:00,2181.11,2184.28,2180.42,2182.03,2931.8967,2026-04-09 07:44:59.999,6398000.622921,23618,1861.38950000,4061979.47731300,0,ETHUSDT
2026-04-09 07:45:00,2182.04,2182.98,2180.02,2181.14,2840.714,2026-04-09 07:59:59.999,6197520.4421,14708,1972.44660000,4303062.97316200,0,ETHUSDT
2026-04-09 08:00:00,2181.14,2183.95,2177.16,2179.18,2876.1466,2026-04-09 08:14:59.999,6272541.389934,20984,1630.01240000,3554766.54263700,0,ETHUSDT
2026-04-09 08:15:00,2179.17,2180.89,2176.37,2180.13,1634.0361,2026-04-09 08:29:59.999,3559305.316484,17502,1019.65240000,2221080.67583300,0,ETHUSDT
2026-04-09 08:30:00,2180.13,2189.56,2180.13,2188.8,1727.633,2026-04-09 08:44:59.999,3775078.620556,21330,1039.13520000,2271328.14579800,0,ETHUSDT
2026-04-09 08:45:00,2188.8,2190.72,2183.11,2186.37,2020.0099,2026-04-09 08:59:59.999,4418043.123044,23571,1134.49400000,2481575.52696500,0,ETHUSDT
2026-04-09 09:00:00,2186.36,2186.36,2179.72,2183.06,1569.7369,2026-04-09 09:14:59.999,3425064.233815,18331,727.38920000,1586903.84262700,0,ETHUSDT
2026-04-09 09:15:00,2183.07,2188.24,2182.75,2185.01,2029.1963,2026-04-09 09:29:59.999,4433110.246124,21635,1418.10300000,3097861.67811700,0,ETHUSDT
2026-04-09 09:30:00,2185.02,2188.67,2184.1,2185.74,1631.5112,2026-04-09 09:44:59.999,3566352.433528,12944,960.30650000,2098735.56741800,0,ETHUSDT
2026-04-09 09:45:00,2185.74,2197.7,2185.14,2194.14,3696.7316,2026-04-09 09:59:59.999,8103036.960732,30162,2455.92270000,5383943.80917700,0,ETHUSDT
2026-04-09 10:00:00,2194.13,2194.2,2188.08,2188.58,1669.1958,2026-04-09 10:14:59.999,3657279.982056,20594,762.36850000,1670471.24696000,0,ETHUSDT
2026-04-09 10:15:00,2188.59,2193.77,2188.34,2192.69,1337.0271,2026-04-09 10:29:59.999,2930388.942407,19227,859.62070000,1884177.21071900,0,ETHUSDT
2026-04-09 10:30:00,2192.68,2196.22,2190.63,2194.78,1257.6873,2026-04-09 10:44:59.999,2758255.572231,14785,671.75770000,1473328.52687000,0,ETHUSDT
2026-04-09 10:45:00,2194.78,2195.89,2189.51,2190.7,4681.8563,2026-04-09 10:59:59.999,10268953.17942,20613,1286.00280000,2820063.51585800,0,ETHUSDT
2026-04-09 11:00:00,2190.69,2193.13,2185.42,2185.75,2084.0404,2026-04-09 11:14:59.999,4563902.417688,25501,912.11450000,1997769.65895600,0,ETHUSDT
2026-04-09 11:15:00,2185.75,2185.75,2178.31,2180.5,2908.9331,2026-04-09 11:29:59.999,6346064.585684,33592,1254.35930000,2736495.80959000,0,ETHUSDT
2026-04-09 11:30:00,2180.5,2183.49,2178.5,2181.2,1277.7798,2026-04-09 11:44:59.999,2786711.642041,20154,613.61700000,1338208.24235600,0,ETHUSDT
2026-04-09 11:45:00,2181.21,2183.07,2179.65,2180.26,943.0615,2026-04-09 11:59:59.999,2057317.437838,14837,452.77410000,987610.35955200,0,ETHUSDT
2026-04-09 12:00:00,2180.26,2182.95,2180.0,2181.18,1019.9622,2026-04-09 12:14:59.999,2224945.008446,17950,676.74710000,1476218.82299300,0,ETHUSDT
2026-04-09 12:15:00,2181.18,2186.51,2174.27,2184.8,4610.6644,2026-04-09 12:29:59.999,10055435.822229,38780,2586.71060000,5641730.46724100,0,ETHUSDT
2026-04-09 12:30:00,2184.8,2186.98,2179.32,2183.71,2578.1996,2026-04-09 12:44:59.999,5630034.512481,46141,1434.94210000,3134230.10435400,0,ETHUSDT
2026-04-09 12:45:00,2183.71,2183.98,2177.63,2183.34,1431.2455,2026-04-09 12:59:59.999,3122260.401239,22603,718.26170000,1566981.19957200,0,ETHUSDT
2026-04-09 13:00:00,2183.33,2186.54,2177.63,2177.76,1420.147,2026-04-09 13:14:59.999,3096665.347075,26635,616.79680000,1345002.13969000,0,ETHUSDT
2026-04-09 13:15:00,2177.77,2179.38,2174.55,2178.6,1957.7123,2026-04-09 13:29:59.999,4262936.084794,22124,986.51390000,2148086.20237100,0,ETHUSDT
2026-04-09 13:30:00,2178.61,2179.99,2164.55,2169.63,6821.4874,2026-04-09 13:44:59.999,14808099.624837,96331,2798.03890000,6075178.96547200,0,ETHUSDT
2026-04-09 13:45:00,2169.63,2170.35,2158.19,2165.22,5920.0205,2026-04-09 13:59:59.999,12808298.13268,85482,2848.59630000,6164253.40845400,0,ETHUSDT
2026-04-09 14:00:00,2165.23,2172.39,2162.23,2169.51,3024.1727,2026-04-09 14:14:59.999,6553241.396566,67131,1559.20840000,3378485.29773300,0,ETHUSDT
2026-04-09 14:15:00,2169.52,2170.75,2157.31,2163.11,2865.9821,2026-04-09 14:29:59.999,6201133.672171,57936,1188.88300000,2573076.34682200,0,ETHUSDT
2026-04-09 14:30:00,2163.11,2172.8,2161.01,2171.85,2926.1517,2026-04-09 14:44:59.999,6337885.875815,51744,1588.87380000,3441967.28879300,0,ETHUSDT
2026-04-09 14:45:00,2171.85,2182.19,2171.84,2177.63,4431.4905,2026-04-09 14:59:59.999,9650513.952474,67016,2749.89950000,5988866.90272000,0,ETHUSDT
2026-04-09 15:00:00,2177.64,2187.12,2169.51,2185.38,3991.9219,2026-04-09 15:14:59.999,8691997.175307,61048,2064.13790000,4498948.72699000,0,ETHUSDT
2026-04-09 15:15:00,2185.37,2194.35,2184.07,2184.6,6710.8397,2026-04-09 15:29:59.999,14688589.240869,83143,3360.45400000,7356796.48658200,0,ETHUSDT
2026-04-09 15:30:00,2184.61,2220.0,2181.7,2213.02,18287.1995,2026-04-09 15:44:59.999,40354410.339035,198559,10953.63040000,24157729.86477600,0,ETHUSDT
2026-04-09 15:45:00,2213.01,2225.0,2210.49,2217.99,8026.1636,2026-04-09 15:59:59.999,17797999.577272,111632,4744.87060000,10523080.87377100,0,ETHUSDT
2026-04-09 16:00:00,2218.0,2229.4,2215.4,2215.57,5856.9711,2026-04-09 16:14:59.999,13013004.706914,96444,3425.68130000,7612021.51254200,0,ETHUSDT
2026-04-09 16:15:00,2215.56,2221.73,2209.65,2209.71,4067.33,2026-04-09 16:29:59.999,9009793.921317,57055,2095.08180000,4641190.08675800,0,ETHUSDT
2026-04-09 16:30:00,2209.71,2210.52,2194.76,2202.96,4955.6101,2026-04-09 16:44:59.999,10912725.862477,74392,1957.07310000,4310425.02250000,0,ETHUSDT
2026-04-09 16:45:00,2202.97,2208.48,2193.0,2208.33,4856.9419,2026-04-09 16:59:59.999,10693207.301729,57811,2102.66950000,4629784.47750700,0,ETHUSDT
2026-04-09 17:00:00,2208.33,2224.5,2207.36,2224.0,6629.2985,2026-04-09 17:14:59.999,14705822.929573,90029,4141.87040000,9186766.93217700,0,ETHUSDT
2026-04-09 17:15:00,2223.99,2225.47,2212.0,2215.21,4292.6878,2026-04-09 17:29:59.999,9528188.706925,62976,2274.40560000,5051068.99574100,0,ETHUSDT
2026-04-09 17:30:00,2215.2,2224.45,2206.43,2220.81,4238.4485,2026-04-09 17:44:59.999,9396615.494785,67800,2427.50660000,5385955.42408600,0,ETHUSDT
2026-04-09 17:45:00,2220.81,2224.0,2217.72,2222.75,1571.8148,2026-04-09 17:59:59.999,3491479.066166,40725,948.35000000,2106740.69197400,0,ETHUSDT
2026-04-09 18:00:00,2222.75,2223.69,2203.73,2207.36,4238.391,2026-04-09 18:14:59.999,9368689.614583,89118,1711.97470000,3782678.60813100,0,ETHUSDT
2026-04-09 18:15:00,2207.37,2212.01,2201.74,2209.14,2082.2105,2026-04-09 18:29:59.999,4593997.309789,56341,891.44670000,1966999.61843800,0,ETHUSDT
2026-04-09 18:30:00,2209.13,2210.52,2202.35,2205.16,1669.6431,2026-04-09 18:44:59.999,3683608.025168,43752,814.67940000,1797245.61561900,0,ETHUSDT
2026-04-09 18:45:00,2205.16,2208.2,2200.64,2206.86,1476.6954,2026-04-09 18:59:59.999,3256601.737114,33913,656.81560000,1448824.82704900,0,ETHUSDT
2026-04-09 19:00:00,2206.86,2220.45,2204.62,2215.07,3879.8319,2026-04-09 19:14:59.999,8588223.609972,49780,2204.61760000,4880023.05531700,0,ETHUSDT
2026-04-09 19:15:00,2215.08,2216.1,2204.39,2207.41,2132.2035,2026-04-09 19:29:59.999,4709993.282887,38724,827.96310000,1829414.28850000,0,ETHUSDT
2026-04-09 19:30:00,2207.41,2219.74,2207.41,2217.46,2041.6572,2026-04-09 19:44:59.999,4518867.884701,34213,1131.62070000,2504634.18986600,0,ETHUSDT
2026-04-09 19:45:00,2217.46,2224.52,2214.34,2216.42,3209.3047,2026-04-09 19:59:59.999,7123337.732959,42829,1565.08670000,3474356.59420500,0,ETHUSDT
2026-04-09 20:00:00,2216.42,2219.94,2213.54,2219.47,1248.9058,2026-04-09 20:14:59.999,2768878.03032,30787,548.85010000,1216971.18134500,0,ETHUSDT
2026-04-09 20:15:00,2219.47,2222.0,2216.93,2217.88,1283.0122,2026-04-09 20:29:59.999,2848100.721093,24041,653.81250000,1451549.15550500,0,ETHUSDT
2026-04-09 20:30:00,2217.87,2220.82,2216.26,2217.78,1928.4599,2026-04-09 20:44:59.999,4277132.630726,19880,997.67240000,2212222.67517200,0,ETHUSDT
2026-04-09 20:45:00,2217.78,2217.92,2210.31,2213.08,4832.5673,2026-04-09 20:59:59.999,10695708.825234,19341,3224.56580000,7136989.49259900,0,ETHUSDT
2026-04-09 21:00:00,2213.08,2226.34,2208.65,2213.85,3551.5729,2026-04-09 21:14:59.999,7871408.737593,51947,1436.19720000,3184947.53699600,0,ETHUSDT
2026-04-09 21:15:00,2213.85,2214.32,2208.0,2209.86,1333.4649,2026-04-09 21:29:59.999,2948465.971983,21143,489.49130000,1082396.25407000,0,ETHUSDT
2026-04-09 21:30:00,2209.85,2216.12,2207.54,2215.85,1758.9969,2026-04-09 21:44:59.999,3889756.740282,26798,953.85720000,2109920.69121300,0,ETHUSDT
2026-04-09 21:45:00,2215.86,2217.17,2209.81,2210.78,1058.0896,2026-04-09 21:59:59.999,2342796.702839,22465,519.74650000,1150780.40649200,0,ETHUSDT
2026-04-09 22:00:00,2210.79,2219.33,2209.79,2218.79,1464.6579,2026-04-09 22:14:59.999,3243936.825569,29489,706.29460000,1564334.15589800,0,ETHUSDT
2026-04-09 22:15:00,2218.78,2246.0,2218.65,2221.69,10073.6198,2026-04-09 22:29:59.999,22477899.625194,90510,5535.07230000,12354190.05720800,0,ETHUSDT
2026-04-09 22:30:00,2221.68,2222.43,2211.5,2211.85,2906.2488,2026-04-09 22:44:59.999,6440846.460804,49039,1225.31810000,2715108.20203000,0,ETHUSDT
2026-04-09 22:45:00,2211.85,2214.8,2197.5,2197.69,6358.8652,2026-04-09 22:59:59.999,14030870.28567,53936,2321.37510000,5125991.05470600,0,ETHUSDT
2026-04-09 23:00:00,2197.69,2201.09,2186.61,2190.48,3770.6061,2026-04-09 23:14:59.999,8273331.115361,55543,1135.23870000,2491790.35511900,0,ETHUSDT
2026-04-09 23:15:00,2190.49,2196.44,2183.37,2191.85,3448.4357,2026-04-09 23:29:59.999,7553252.335466,53190,1510.40790000,3310040.62772700,0,ETHUSDT
2026-04-09 23:30:00,2191.84,2191.84,2183.33,2189.11,3156.2463,2026-04-09 23:44:59.999,6904311.014071,48148,1478.17790000,3233598.71079000,0,ETHUSDT
2026-04-09 23:45:00,2189.1,2191.43,2186.16,2190.2,1412.1545,2026-04-09 23:59:59.999,3091682.651027,33675,672.36650000,1471991.67267600,0,ETHUSDT
2026-04-10 00:00:00,2190.17,2191.46,2184.73,2188.55,1853.3921,2026-04-10 00:14:59.999,4055769.902245,49690,815.55490000,1784666.13177900,0,ETHUSDT
2026-04-10 00:15:00,2188.55,2189.84,2181.95,2189.84,3153.6318,2026-04-10 00:29:59.999,6891384.714849,43502,1236.23160000,2701567.40478100,0,ETHUSDT
2026-04-10 00:30:00,2189.83,2195.01,2187.67,2192.83,1774.3772,2026-04-10 00:44:59.999,3889381.023591,37341,1103.12430000,2418313.96704900,0,ETHUSDT
2026-04-10 00:45:00,2192.82,2197.39,2190.85,2195.17,1363.7047,2026-04-10 00:59:59.999,2992584.728496,26692,629.05680000,1380616.32345500,0,ETHUSDT
2026-04-10 01:00:00,2195.17,2197.03,2189.28,2194.23,1687.8572,2026-04-10 01:14:59.999,3701332.768428,32092,917.47650000,2012079.49848000,0,ETHUSDT
2026-04-10 01:15:00,2194.23,2195.88,2176.1,2186.31,4576.7889,2026-04-10 01:29:59.999,9994747.755732,48690,1759.97730000,3843038.37595500,0,ETHUSDT
2026-04-10 01:30:00,2186.31,2204.1,2184.79,2199.5,4812.6242,2026-04-10 01:44:59.999,10580113.983366,63783,3417.50200000,7511833.91777600,0,ETHUSDT
2026-04-10 01:45:00,2199.51,2202.36,2194.26,2194.7,1881.1419,2026-04-10 01:59:59.999,4134900.647913,25866,733.98580000,1613350.64186500,0,ETHUSDT
2026-04-10 02:00:00,2194.69,2198.62,2192.48,2195.72,1143.882,2026-04-10 02:14:59.999,2511172.033963,27608,533.21160000,1170647.12969400,0,ETHUSDT
2026-04-10 02:15:00,2195.72,2197.3,2193.55,2196.2,807.8702,2026-04-10 02:29:59.999,1773500.121865,17669,336.28750000,738228.84850500,0,ETHUSDT
2026-04-10 02:30:00,2196.21,2197.47,2193.91,2195.73,1099.1713,2026-04-10 02:44:59.999,2413455.93185,15008,491.90740000,1080128.01782600,0,ETHUSDT
2026-04-10 02:45:00,2195.72,2195.72,2187.01,2189.12,2427.5202,2026-04-10 02:59:59.999,5317116.268307,25973,658.32230000,1442149.98003500,0,ETHUSDT
2026-04-10 03:00:00,2189.11,2192.38,2186.54,2186.96,2110.9201,2026-04-10 03:14:59.999,4620887.905369,15550,594.83930000,1302035.74815700,0,ETHUSDT
2026-04-10 03:15:00,2186.95,2189.76,2183.32,2183.32,1883.3336,2026-04-10 03:29:59.999,4116737.834054,21271,299.08070000,653748.72002400,0,ETHUSDT
2026-04-10 03:30:00,2183.32,2187.96,2182.68,2187.2,1453.2699,2026-04-10 03:44:59.999,3176661.391864,20040,537.69730000,1175280.77802600,0,ETHUSDT
2026-04-10 03:45:00,2187.19,2189.0,2185.18,2186.06,1143.8094,2026-04-10 03:59:59.999,2501123.651485,13855,362.04780000,791718.99039200,0,ETHUSDT
2026-04-10 04:00:00,2186.05,2188.94,2185.95,2187.44,1490.2415,2026-04-10 04:14:59.999,3259761.558832,14959,624.51410000,1366076.47274700,0,ETHUSDT
2026-04-10 04:15:00,2187.44,2192.4,2186.98,2190.48,3222.1035,2026-04-10 04:29:59.999,7057110.906363,19596,1944.24010000,4258366.69016200,0,ETHUSDT
2026-04-10 04:30:00,2190.49,2192.56,2188.61,2190.4,1310.4286,2026-04-10 04:44:59.999,2870099.2393,12843,372.03420000,814958.79346100,0,ETHUSDT
2026-04-10 04:45:00,2190.4,2199.34,2189.43,2195.71,2426.9068,2026-04-10 04:59:59.999,5322781.628194,20945,1083.73450000,2377451.95879700,0,ETHUSDT
2026-04-10 05:00:00,2195.71,2197.39,2192.49,2194.45,1354.9431,2026-04-10 05:14:59.999,2973513.898377,16140,532.33380000,1168369.13837200,0,ETHUSDT
2026-04-10 05:15:00,2194.45,2203.11,2193.42,2201.7,2414.8552,2026-04-10 05:29:59.999,5312000.075772,22347,1299.73550000,2859969.59353800,0,ETHUSDT
2026-04-10 05:30:00,2201.69,2202.35,2197.83,2198.04,1844.2696,2026-04-10 05:44:59.999,4056913.326011,18446,705.85480000,1552705.46297300,0,ETHUSDT
2026-04-10 05:45:00,2198.05,2200.43,2195.52,2196.9,1317.5191,2026-04-10 05:59:59.999,2895909.221987,14231,381.80810000,839362.73399200,0,ETHUSDT
2026-04-10 06:00:00,2196.91,2198.44,2195.14,2197.17,1113.237,2026-04-10 06:14:59.999,2444994.094128,14567,382.82510000,840817.44823800,0,ETHUSDT
2026-04-10 06:15:00,2197.17,2197.17,2190.0,2190.71,1825.7357,2026-04-10 06:29:59.999,4002668.325638,15941,301.61370000,661101.79420000,0,ETHUSDT
2026-04-10 06:30:00,2190.71,2191.43,2187.02,2188.08,2681.2485,2026-04-10 06:44:59.999,5869694.439632,20642,846.35380000,1852770.89210300,0,ETHUSDT
2026-04-10 06:45:00,2188.08,2189.68,2184.0,2186.2,1874.2205,2026-04-10 06:59:59.999,4096851.293313,19686,673.05330000,1471348.86275500,0,ETHUSDT
2026-04-10 07:00:00,2186.21,2188.57,2184.15,2184.15,1353.4265,2026-04-10 07:14:59.999,2959122.570059,19951,620.36660000,1356374.92680500,0,ETHUSDT
2026-04-10 07:15:00,2184.16,2188.35,2183.99,2187.17,920.2535,2026-04-10 07:29:59.999,2011951.824819,13347,457.36130000,999908.33433800,0,ETHUSDT
2026-04-10 07:30:00,2187.17,2188.32,2182.35,2183.59,2354.5713,2026-04-10 07:44:59.999,5145339.56729,15468,1353.47220000,2957213.53087300,0,ETHUSDT
2026-04-10 07:45:00,2183.58,2184.38,2176.4,2179.28,4110.0371,2026-04-10 07:59:59.999,8959478.666181,17918,1341.54790000,2923411.00424000,0,ETHUSDT
2026-04-10 08:00:00,2179.27,2183.4,2177.13,2181.08,1898.6375,2026-04-10 08:14:59.999,4139507.917898,17212,1168.49370000,2547522.44999100,0,ETHUSDT
2026-04-10 08:15:00,2181.09,2185.27,2179.93,2183.89,1562.615,2026-04-10 08:29:59.999,3411631.666523,14104,701.20340000,1530919.24557300,0,ETHUSDT
2026-04-10 08:30:00,2183.89,2190.11,2183.28,2186.85,2263.4873,2026-04-10 08:44:59.999,4950067.201475,18458,1191.24120000,2605164.33471200,0,ETHUSDT
2026-04-10 08:45:00,2186.84,2186.84,2181.59,2185.86,1780.7164,2026-04-10 08:59:59.999,3889412.788476,17447,1045.32680000,2283006.59634800,0,ETHUSDT
2026-04-10 09:00:00,2185.85,2189.58,2185.83,2188.09,999.8716,2026-04-10 09:14:59.999,2187322.119807,12854,496.45870000,1086044.39211100,0,ETHUSDT
2026-04-10 09:15:00,2188.09,2197.58,2188.09,2194.01,5151.533,2026-04-10 09:29:59.999,11302704.712049,42959,2687.40960000,5895899.22095800,0,ETHUSDT
2026-04-10 09:30:00,2194.0,2195.19,2192.61,2193.49,874.6162,2026-04-10 09:44:59.999,1918533.942113,17627,426.19390000,934918.47372300,0,ETHUSDT
2026-04-10 09:45:00,2193.5,2196.86,2192.1,2196.03,871.3147,2026-04-10 09:59:59.999,1912091.214906,12645,409.63970000,898874.44985300,0,ETHUSDT
2026-04-10 10:00:00,2196.04,2196.15,2191.31,2193.48,983.4314,2026-04-10 10:14:59.999,2157448.216647,15382,493.12220000,1081993.12309100,0,ETHUSDT
2026-04-10 10:15:00,2193.49,2194.6,2191.52,2191.52,1246.2566,2026-04-10 10:29:59.999,2733248.410521,12302,503.26490000,1103771.05383800,0,ETHUSDT
2026-04-10 10:30:00,2191.52,2194.97,2190.66,2193.65,1023.4857,2026-04-10 10:44:59.999,2244177.150089,16647,534.88180000,1172822.60917200,0,ETHUSDT
2026-04-10 10:45:00,2193.65,2198.29,2192.91,2197.24,1776.9141,2026-04-10 10:59:59.999,3902145.453575,19008,955.35030000,2097877.62964700,0,ETHUSDT
2026-04-10 11:00:00,2197.25,2212.72,2197.22,2210.9,4716.1091,2026-04-10 11:14:59.999,10403203.733066,40426,2947.68090000,6499106.48023800,0,ETHUSDT
2026-04-10 11:15:00,2210.89,2217.99,2210.39,2217.16,5876.9154,2026-04-10 11:29:59.999,13009316.336174,40466,2415.54030000,5347118.12787400,0,ETHUSDT
2026-04-10 11:30:00,2217.16,2223.12,2214.24,2217.96,12181.1166,2026-04-10 11:44:59.999,27043122.163487,38606,5362.87420000,11903843.10221800,0,ETHUSDT
2026-04-10 11:45:00,2217.97,2224.28,2215.47,2215.65,4464.2128,2026-04-10 11:59:59.999,9908595.150475,27269,2091.59100000,4644008.83068200,0,ETHUSDT
2026-04-10 12:00:00,2215.66,2221.32,2215.63,2216.52,4781.955,2026-04-10 12:14:59.999,10605939.723192,29661,1393.88340000,3091424.90053300,0,ETHUSDT
2026-04-10 12:15:00,2216.53,2221.4,2210.24,2217.33,5107.3516,2026-04-10 12:29:59.999,11318901.425507,41083,2185.37640000,4843173.06360700,0,ETHUSDT
2026-04-10 12:30:00,2217.05,2228.51,2208.18,2224.7,9065.9799,2026-04-10 12:44:59.999,20135562.832973,94281,4574.12400000,10159485.42399500,0,ETHUSDT
2026-04-10 12:45:00,2224.7,2226.07,2218.0,2218.9,2421.9568,2026-04-10 12:59:59.999,5381044.781003,31846,744.40100000,1654421.33726100,0,ETHUSDT
2026-04-10 13:00:00,2218.9,2220.54,2215.95,2218.81,2190.4174,2026-04-10 13:14:59.999,4858342.999905,25258,925.23650000,2052065.43351800,0,ETHUSDT
2026-04-10 13:15:00,2218.8,2221.36,2216.11,2219.79,1422.9732,2026-04-10 13:29:59.999,3157547.317679,23184,508.85880000,1129030.68860200,0,ETHUSDT
2026-04-10 13:30:00,2219.8,2222.77,2208.4,2215.56,4909.9808,2026-04-10 13:44:59.999,10870890.018123,89451,1988.71620000,4402636.53477400,0,ETHUSDT
2026-04-10 13:45:00,2215.57,2225.51,2213.49,2223.08,5182.348,2026-04-10 13:59:59.999,11510676.11324,55050,3600.33280000,7997151.53560000,0,ETHUSDT
2026-04-10 14:00:00,2223.08,2235.12,2220.43,2234.34,9144.5495,2026-04-10 14:14:59.999,20381532.733052,84648,5064.63250000,11285874.31048700,0,ETHUSDT
2026-04-10 14:15:00,2234.35,2253.29,2234.35,2245.25,16388.2998,2026-04-10 14:29:59.999,36776530.522714,125631,9859.59680000,22125344.02399200,0,ETHUSDT
2026-04-10 14:30:00,2245.25,2254.27,2237.0,2239.56,9616.0583,2026-04-10 14:44:59.999,21604388.702733,85799,4826.33240000,10847854.78580300,0,ETHUSDT
2026-04-10 14:45:00,2239.56,2247.57,2236.83,2242.76,4056.6119,2026-04-10 14:59:59.999,9093695.529464,52432,1870.98960000,4194724.28500000,0,ETHUSDT
2026-04-10 15:00:00,2242.76,2249.31,2239.05,2244.74,3242.2156,2026-04-10 15:14:59.999,7276523.497661,49020,1457.36370000,3271368.69093700,0,ETHUSDT
2026-04-10 15:15:00,2244.75,2257.99,2237.03,2237.79,7129.9892,2026-04-10 15:29:59.999,16026582.423027,71061,3783.26900000,8512405.60988400,0,ETHUSDT
2026-04-10 15:30:00,2237.8,2240.34,2228.33,2232.82,6408.895,2026-04-10 15:44:59.999,14315848.952083,77519,2433.79580000,5435290.45571300,0,ETHUSDT
2026-04-10 15:45:00,2232.81,2232.96,2220.36,2224.27,4681.1657,2026-04-10 15:59:59.999,10421460.352275,60797,1612.01690000,3588888.15827200,0,ETHUSDT
2026-04-10 16:00:00,2224.28,2232.57,2221.46,2231.31,3000.0922,2026-04-10 16:14:59.999,6681504.9582,54689,1773.22450000,3948976.55427500,0,ETHUSDT
2026-04-10 16:15:00,2231.3,2244.19,2230.47,2241.56,6776.5724,2026-04-10 16:29:59.999,15168337.141787,69070,4669.63090000,10451973.17105600,0,ETHUSDT
2026-04-10 16:30:00,2241.56,2242.33,2235.19,2236.99,1587.0105,2026-04-10 16:44:59.999,3552438.949732,35940,679.45910000,1521063.09837900,0,ETHUSDT
2026-04-10 16:45:00,2236.99,2247.42,2236.99,2245.36,3007.5302,2026-04-10 16:59:59.999,6746833.36542,45420,2137.00040000,4794115.60990300,0,ETHUSDT
2026-04-10 17:00:00,2245.37,2247.54,2240.32,2242.6,2363.619,2026-04-10 17:14:59.999,5303372.418406,33782,1176.86750000,2640781.52852600,0,ETHUSDT
2026-04-10 17:15:00,2242.59,2247.35,2240.48,2244.35,2243.8743,2026-04-10 17:29:59.999,5035856.931977,28961,1088.17170000,2442015.58627200,0,ETHUSDT
2026-04-10 17:30:00,2244.35,2244.51,2239.29,2242.35,1805.9526,2026-04-10 17:44:59.999,4048553.710109,25841,917.65950000,2057041.81546500,0,ETHUSDT
2026-04-10 17:45:00,2242.35,2249.45,2241.99,2248.42,2313.1116,2026-04-10 17:59:59.999,5196773.179888,29257,1544.58060000,3470625.86171200,0,ETHUSDT
2026-04-10 18:00:00,2248.41,2249.15,2239.06,2248.32,2260.2595,2026-04-10 18:14:59.999,5073656.424296,29528,1118.86080000,2511665.83536800,0,ETHUSDT
2026-04-10 18:15:00,2248.31,2251.9,2243.61,2248.06,3281.1623,2026-04-10 18:29:59.999,7375825.573955,34590,1993.30430000,4481675.06603200,0,ETHUSDT
2026-04-10 18:30:00,2248.06,2249.64,2243.78,2245.68,1522.5892,2026-04-10 18:44:59.999,3420902.296488,22199,969.53120000,2178501.90392500,0,ETHUSDT
2026-04-10 18:45:00,2245.67,2250.38,2244.99,2249.33,1232.7793,2026-04-10 18:59:59.999,2770812.076881,17167,649.53230000,1459915.60953000,0,ETHUSDT
2026-04-10 19:00:00,2249.32,2256.0,2248.59,2254.27,2186.1796,2026-04-10 19:14:59.999,4923356.417325,25715,1148.64970000,2587133.28319600,0,ETHUSDT
2026-04-10 19:15:00,2254.27,2254.37,2247.93,2247.94,1265.4456,2026-04-10 19:29:59.999,2848168.45809,18181,386.90640000,870856.94206600,0,ETHUSDT
2026-04-10 19:30:00,2247.95,2247.95,2243.52,2244.85,1150.8875,2026-04-10 19:44:59.999,2584174.409792,15032,317.87050000,713719.96003700,0,ETHUSDT
2026-04-10 19:45:00,2244.85,2254.83,2244.12,2253.17,1705.3565,2026-04-10 19:59:59.999,3838246.698262,24814,1081.72980000,2434543.14992700,0,ETHUSDT
2026-04-10 20:00:00,2253.17,2255.36,2251.52,2253.64,2301.482,2026-04-10 20:14:59.999,5185882.825304,23658,1242.18450000,2798733.40147400,0,ETHUSDT
2026-04-10 20:15:00,2253.61,2255.22,2251.15,2252.65,1401.7483,2026-04-10 20:29:59.999,3158235.707431,16429,864.93860000,1948749.55797500,0,ETHUSDT
2026-04-10 20:30:00,2252.64,2256.87,2243.03,2247.74,3609.6895,2026-04-10 20:44:59.999,8117633.148828,37026,1637.77940000,3684201.41413000,0,ETHUSDT
2026-04-10 20:45:00,2247.75,2257.14,2244.68,2255.33,2703.4274,2026-04-10 20:59:59.999,6087471.587983,27210,1787.64780000,4026365.97937900,0,ETHUSDT
2026-04-10 21:00:00,2255.33,2255.68,2244.91,2246.24,1935.4348,2026-04-10 21:14:59.999,4353828.115477,23028,682.26010000,1535047.23965200,0,ETHUSDT
2026-04-10 21:15:00,2246.24,2250.07,2245.14,2247.3,880.3285,2026-04-10 21:29:59.999,1978524.435927,13900,387.32780000,870499.11642900,0,ETHUSDT
2026-04-10 21:30:00,2247.29,2251.18,2242.34,2249.53,1741.0137,2026-04-10 21:44:59.999,3911629.409168,19735,762.30140000,1712793.59888500,0,ETHUSDT
2026-04-10 21:45:00,2249.52,2255.57,2247.37,2254.87,1673.1757,2026-04-10 21:59:59.999,3767478.379253,30182,970.83790000,2186079.11192500,0,ETHUSDT
2026-04-10 22:00:00,2254.88,2255.49,2251.16,2252.72,1540.6897,2026-04-10 22:14:59.999,3472019.371531,19115,972.13420000,2190832.82242200,0,ETHUSDT
2026-04-10 22:15:00,2252.72,2253.85,2247.3,2247.6,1398.3034,2026-04-10 22:29:59.999,3146040.701576,12305,473.55830000,1065365.24542200,0,ETHUSDT
2026-04-10 22:30:00,2247.59,2247.59,2235.41,2241.06,3800.4094,2026-04-10 22:44:59.999,8513603.542501,24778,1167.00940000,2613936.19388800,0,ETHUSDT
2026-04-10 22:45:00,2241.06,2243.09,2241.06,2242.24,828.8687,2026-04-10 22:59:59.999,1858397.456026,10907,349.71150000,784051.49567000,0,ETHUSDT
2026-04-10 23:00:00,2242.25,2242.63,2239.31,2241.96,949.0072,2026-04-10 23:14:59.999,2126588.771728,10840,454.30830000,1018077.02359700,0,ETHUSDT
2026-04-10 23:15:00,2241.95,2244.52,2240.16,2243.35,783.5695,2026-04-10 23:29:59.999,1757204.171865,11652,395.71430000,887504.55902300,0,ETHUSDT
2026-04-10 23:30:00,2243.36,2244.0,2241.33,2243.63,524.9756,2026-04-10 23:44:59.999,1177498.659131,7737,285.46130000,640288.55876800,0,ETHUSDT
2026-04-10 23:45:00,2243.63,2245.66,2243.19,2245.05,915.2668,2026-04-10 23:59:59.999,2054393.380604,8735,384.80770000,863735.26460600,0,ETHUSDT
2026-04-11 00:00:00,2245.06,2245.06,2239.51,2241.71,1126.9342,2026-04-11 00:14:59.999,2526375.151609,14786,383.01510000,858596.61331900,0,ETHUSDT
2026-04-11 00:15:00,2241.71,2242.17,2238.47,2239.64,868.1432,2026-04-11 00:29:59.999,1944756.396242,9151,288.87490000,647180.31963700,0,ETHUSDT
2026-04-11 00:30:00,2239.63,2240.0,2236.7,2237.41,2141.6068,2026-04-11 00:44:59.999,4791694.395761,11640,1463.40370000,3273815.43677000,0,ETHUSDT
2026-04-11 00:45:00,2237.42,2239.82,2235.92,2238.77,863.4776,2026-04-11 00:59:59.999,1932263.339793,7047,400.12480000,895495.54763300,0,ETHUSDT
2026-04-11 01:00:00,2238.77,2241.18,2236.32,2238.72,807.0387,2026-04-11 01:14:59.999,1807043.47082,11567,313.26140000,701444.01420300,0,ETHUSDT
2026-04-11 01:15:00,2238.71,2239.43,2234.81,2238.85,1291.4692,2026-04-11 01:29:59.999,2888029.671608,13993,347.97340000,778232.76986200,0,ETHUSDT
2026-04-11 01:30:00,2238.86,2243.55,2238.66,2241.47,1937.4826,2026-04-11 01:44:59.999,4344280.157646,13531,489.53660000,1097433.79046700,0,ETHUSDT
2026-04-11 01:45:00,2241.47,2246.5,2241.47,2244.2,1081.0474,2026-04-11 01:59:59.999,2426526.109189,12234,651.94810000,1463347.08252400,0,ETHUSDT
2026-04-11 02:00:00,2244.2,2247.21,2242.2,2244.57,1088.5481,2026-04-11 02:14:59.999,2443512.518749,12816,529.94580000,1189617.01527900,0,ETHUSDT
2026-04-11 02:15:00,2244.56,2249.49,2244.54,2249.18,833.0193,2026-04-11 02:29:59.999,1872436.016722,9959,467.02070000,1049814.76641300,0,ETHUSDT
2026-04-11 02:30:00,2249.18,2252.15,2246.72,2246.88,1618.3151,2026-04-11 02:44:59.999,3639696.105153,17959,687.91410000,1547434.89550900,0,ETHUSDT
2026-04-11 02:45:00,2246.88,2248.19,2245.56,2248.19,722.2682,2026-04-11 02:59:59.999,1622602.349011,6835,323.63630000,727049.76170500,0,ETHUSDT
2026-04-11 03:00:00,2248.19,2250.78,2246.78,2249.86,801.7112,2026-04-11 03:14:59.999,1803068.013819,11602,396.11540000,890849.51823900,0,ETHUSDT
2026-04-11 03:15:00,2249.85,2249.86,2247.48,2247.83,640.9733,2026-04-11 03:29:59.999,1441483.459121,7631,197.55870000,444263.26945800,0,ETHUSDT
2026-04-11 03:30:00,2247.83,2248.1,2244.5,2245.23,644.7422,2026-04-11 03:44:59.999,1448211.429885,10393,244.22780000,548526.81195700,0,ETHUSDT
2026-04-11 03:45:00,2245.22,2245.61,2235.77,2237.17,2888.3287,2026-04-11 03:59:59.999,6470056.488994,19535,920.11720000,2060473.71414900,0,ETHUSDT
2026-04-11 04:00:00,2237.18,2242.93,2235.45,2238.5,1974.8019,2026-04-11 04:14:59.999,4421876.49971,18368,1198.79970000,2684191.44527400,0,ETHUSDT
2026-04-11 04:15:00,2238.51,2239.98,2236.46,2239.19,1541.7151,2026-04-11 04:29:59.999,3451603.067096,14025,879.14990000,1968147.51505100,0,ETHUSDT
2026-04-11 04:30:00,2239.2,2241.89,2238.95,2240.3,1061.1229,2026-04-11 04:44:59.999,2377162.112392,12313,482.67720000,1081275.65568500,0,ETHUSDT
2026-04-11 04:45:00,2240.3,2241.7,2239.55,2240.97,442.4625,2026-04-11 04:59:59.999,991410.936562,6526,228.99860000,513072.04548700,0,ETHUSDT
2026-04-11 05:00:00,2240.98,2241.71,2230.03,2231.25,3423.9395,2026-04-11 05:14:59.999,7655470.464242,22215,691.69970000,1545983.36840500,0,ETHUSDT
2026-04-11 05:15:00,2231.26,2235.56,2229.0,2235.56,2044.386,2026-04-11 05:29:59.999,4565527.674463,16019,1016.06620000,2269201.34826000,0,ETHUSDT
2026-04-11 05:30:00,2235.56,2237.42,2234.4,2235.03,1345.3896,2026-04-11 05:44:59.999,3007949.015028,11985,612.11330000,1368545.87544700,0,ETHUSDT
2026-04-11 05:45:00,2235.02,2235.51,2232.57,2232.79,1564.294,2026-04-11 05:59:59.999,3494662.802163,9639,763.55010000,1705866.94162600,0,ETHUSDT
2026-04-11 06:00:00,2232.79,2234.23,2229.62,2231.65,2389.0413,2026-04-11 06:14:59.999,5332127.47607,16365,1487.56320000,3320078.22216200,0,ETHUSDT
2026-04-11 06:15:00,2231.65,2234.02,2229.83,2231.84,1117.4803,2026-04-11 06:29:59.999,2494565.569533,10586,536.65060000,1197947.92457000,0,ETHUSDT
2026-04-11 06:30:00,2231.83,2234.4,2231.73,2233.97,943.1584,2026-04-11 06:44:59.999,2106022.571545,7210,585.81460000,1308063.65316500,0,ETHUSDT
2026-04-11 06:45:00,2233.97,2236.73,2232.88,2235.66,1327.4598,2026-04-11 06:59:59.999,2967292.80072,9000,734.71160000,1642250.56973700,0,ETHUSDT
2026-04-11 07:00:00,2235.68,2235.82,2232.63,2234.23,1009.6256,2026-04-11 07:14:59.999,2255604.302928,8357,478.04950000,1068152.28834500,0,ETHUSDT
2026-04-11 07:15:00,2234.23,2236.51,2233.72,2235.31,661.9341,2026-04-11 07:29:59.999,1479516.439728,6774,377.52260000,843780.21334200,0,ETHUSDT
2026-04-11 07:30:00,2235.31,2235.31,2232.21,2232.26,790.6467,2026-04-11 07:44:59.999,1766442.519917,7853,313.77920000,701009.04681900,0,ETHUSDT
2026-04-11 07:45:00,2232.27,2232.6,2230.58,2232.6,839.8825,2026-04-11 07:59:59.999,1874281.651665,5245,266.82190000,595454.14972800,0,ETHUSDT
2026-04-11 08:00:00,2232.6,2235.26,2232.33,2234.23,732.5485,2026-04-11 08:14:59.999,1636357.036957,5259,458.44420000,1024158.26806400,0,ETHUSDT
2026-04-11 08:15:00,2234.22,2235.43,2233.88,2234.0,1533.2698,2026-04-11 08:29:59.999,3425641.604567,6304,428.72240000,957831.06605100,0,ETHUSDT
2026-04-11 08:30:00,2234.01,2235.22,2232.14,2234.1,1206.2844,2026-04-11 08:44:59.999,2693882.684027,8840,624.03700000,1393549.99185100,0,ETHUSDT
2026-04-11 08:45:00,2234.09,2235.27,2232.44,2232.9,1186.6602,2026-04-11 08:59:59.999,2650842.143092,7029,500.40180000,1117837.69459400,0,ETHUSDT
2026-04-11 09:00:00,2232.89,2235.21,2232.24,2235.2,1638.7406,2026-04-11 09:14:59.999,3660007.66087,7778,615.52390000,1374641.82440700,0,ETHUSDT
2026-04-11 09:15:00,2235.21,2249.31,2235.21,2245.76,6307.9999,2026-04-11 09:29:59.999,14155379.5774,36444,3921.62760000,8797732.74847200,0,ETHUSDT
2026-04-11 09:30:00,2245.76,2245.77,2240.72,2242.62,1387.6484,2026-04-11 09:44:59.999,3113141.79715,12861,696.76090000,1563064.75578700,0,ETHUSDT
2026-04-11 09:45:00,2242.63,2244.37,2242.32,2243.83,911.3085,2026-04-11 09:59:59.999,2044056.429071,7096,486.48580000,1091092.23275400,0,ETHUSDT
2026-04-11 10:00:00,2243.84,2245.12,2238.38,2239.97,1406.904,2026-04-11 10:14:59.999,3154264.775385,13721,623.37990000,1397559.84491300,0,ETHUSDT
2026-04-11 10:15:00,2239.97,2242.14,2237.7,2241.49,910.0211,2026-04-11 10:29:59.999,2038318.516497,8580,392.27150000,878645.75505700,0,ETHUSDT
2026-04-11 10:30:00,2241.49,2242.13,2238.61,2238.91,826.665,2026-04-11 10:44:59.999,1852334.869183,7741,428.90300000,961011.06930400,0,ETHUSDT
2026-04-11 10:45:00,2238.92,2240.76,2238.23,2240.46,503.5627,2026-04-11 10:59:59.999,1127792.476511,6973,238.24350000,533558.75024100,0,ETHUSDT
2026-04-11 11:00:00,2240.42,2242.31,2239.59,2240.63,1086.0114,2026-04-11 11:14:59.999,2433269.173143,5771,289.89600000,649563.53052000,0,ETHUSDT
2026-04-11 11:15:00,2240.64,2241.27,2238.67,2239.23,958.7112,2026-04-11 11:29:59.999,2147687.033016,9941,528.22950000,1183353.57672200,0,ETHUSDT
2026-04-11 11:30:00,2239.23,2243.38,2239.0,2242.82,437.3079,2026-04-11 11:44:59.999,979846.14163,7036,254.86690000,571125.94223400,0,ETHUSDT
2026-04-11 11:45:00,2242.82,2247.0,2242.13,2246.11,1628.184,2026-04-11 11:59:59.999,3654511.165131,11063,915.95510000,2055839.16168000,0,ETHUSDT
2026-04-11 12:00:00,2246.12,2246.26,2243.58,2244.77,691.2467,2026-04-11 12:14:59.999,1551795.059055,8256,281.59390000,632175.01306600,0,ETHUSDT
2026-04-11 12:15:00,2244.76,2245.0,2241.16,2242.71,709.3967,2026-04-11 12:29:59.999,1591302.1237,7716,210.32320000,471866.70203600,0,ETHUSDT
2026-04-11 12:30:00,2242.71,2246.71,2242.27,2245.39,747.4541,2026-04-11 12:44:59.999,1677965.929635,8079,428.72640000,962497.40236000,0,ETHUSDT
2026-04-11 12:45:00,2245.38,2246.27,2244.89,2245.5,554.2584,2026-04-11 12:59:59.999,1244651.635175,6140,296.91830000,666727.94520800,0,ETHUSDT
2026-04-11 13:00:00,2245.49,2245.5,2233.72,2235.73,2782.5263,2026-04-11 13:14:59.999,6227466.465058,32740,1129.40150000,2527099.21861500,0,ETHUSDT
2026-04-11 13:15:00,2235.75,2242.14,2234.64,2237.65,2110.273,2026-04-11 13:29:59.999,4724261.432683,20477,1020.78630000,2285687.87818900,0,ETHUSDT
2026-04-11 13:30:00,2237.66,2241.32,2236.89,2240.02,665.9114,2026-04-11 13:44:59.999,1490862.822278,11547,304.83700000,682471.01220000,0,ETHUSDT
2026-04-11 13:45:00,2240.01,2241.47,2239.5,2239.76,924.8333,2026-04-11 13:59:59.999,2072322.472393,7639,656.68310000,1471523.78441900,0,ETHUSDT
2026-04-11 14:00:00,2239.75,2244.1,2238.39,2242.1,861.0489,2026-04-11 14:14:59.999,1929685.739734,14139,502.33380000,1125978.04853100,0,ETHUSDT
2026-04-11 14:15:00,2242.11,2243.28,2240.66,2241.11,972.0504,2026-04-11 14:29:59.999,2179399.337418,9232,371.06680000,831933.73796100,0,ETHUSDT
2026-04-11 14:30:00,2241.11,2242.14,2238.42,2239.91,628.2017,2026-04-11 14:44:59.999,1407152.045568,10887,230.12550000,515499.46895800,0,ETHUSDT
2026-04-11 14:45:00,2239.92,2242.62,2239.5,2242.1,294.1118,2026-04-11 14:59:59.999,659196.652754,6194,156.37350000,350467.43267500,0,ETHUSDT
2026-04-11 15:00:00,2242.1,2243.77,2241.39,2243.77,497.5073,2026-04-11 15:14:59.999,1115623.462831,7528,250.16620000,561001.57664800,0,ETHUSDT
2026-04-11 15:15:00,2243.77,2256.11,2243.49,2248.44,3970.0478,2026-04-11 15:29:59.999,8931662.4114,38781,2320.21970000,5219952.02412300,0,ETHUSDT
2026-04-11 15:30:00,2248.45,2249.93,2246.25,2246.59,1299.6316,2026-04-11 15:44:59.999,2921685.585146,16931,386.77750000,869443.09535300,0,ETHUSDT
2026-04-11 15:45:00,2246.59,2250.23,2245.49,2249.54,1288.3394,2026-04-11 15:59:59.999,2896985.810992,14814,399.04330000,897197.65002000,0,ETHUSDT
2026-04-11 16:00:00,2249.54,2250.29,2246.81,2249.3,609.3872,2026-04-11 16:14:59.999,1370256.508668,14725,322.45510000,725120.96941000,0,ETHUSDT
2026-04-11 16:15:00,2249.3,2250.89,2246.53,2247.41,521.2066,2026-04-11 16:29:59.999,1171916.955752,11293,167.29060000,376136.84851400,0,ETHUSDT
2026-04-11 16:30:00,2247.42,2274.42,2246.61,2263.61,8743.6384,2026-04-11 16:44:59.999,19792635.032017,61252,5657.42280000,12803201.63432100,0,ETHUSDT
2026-04-11 16:45:00,2263.62,2265.41,2258.62,2258.68,2920.7677,2026-04-11 16:59:59.999,6606033.266198,36692,1495.55120000,3382949.08072200,0,ETHUSDT
2026-04-11 17:00:00,2258.68,2261.25,2256.12,2256.57,1473.7245,2026-04-11 17:14:59.999,3327966.348822,20733,738.28420000,1667335.72327500,0,ETHUSDT
2026-04-11 17:15:00,2256.56,2260.0,2253.87,2258.41,1797.8333,2026-04-11 17:29:59.999,4056119.719106,20562,1030.86470000,2326063.31041200,0,ETHUSDT
2026-04-11 17:30:00,2258.41,2265.49,2258.41,2262.17,2599.7386,2026-04-11 17:44:59.999,5882537.018857,23470,1849.61480000,4185141.50284400,0,ETHUSDT
2026-04-11 17:45:00,2262.17,2265.0,2259.0,2260.01,1421.6409,2026-04-11 17:59:59.999,3215020.619464,12658,823.59920000,1863071.08667800,0,ETHUSDT
2026-04-11 18:00:00,2260.01,2260.88,2257.34,2260.88,765.46,2026-04-11 18:14:59.999,1729245.641959,11238,329.61010000,744655.09851200,0,ETHUSDT
2026-04-11 18:15:00,2260.87,2264.98,2260.87,2263.01,1067.8043,2026-04-11 18:29:59.999,2416396.143511,15692,520.67560000,1178181.73395800,0,ETHUSDT
2026-04-11 18:30:00,2263.02,2311.53,2263.01,2295.67,29907.8215,2026-04-11 18:44:59.999,68540517.734755,181927,17447.56320000,39954415.15399400,0,ETHUSDT
2026-04-11 18:45:00,2295.66,2309.54,2295.35,2305.44,6256.8224,2026-04-11 18:59:59.999,14411004.185252,70161,3664.88240000,8442431.77832000,0,ETHUSDT
2026-04-11 19:00:00,2305.43,2327.66,2305.31,2314.4,15249.2083,2026-04-11 19:14:59.999,35337331.058536,116054,8812.99190000,20426732.35265400,0,ETHUSDT
2026-04-11 19:15:00,2314.4,2322.7,2309.9,2321.0,6384.8121,2026-04-11 19:29:59.999,14788230.609328,53778,3427.00560000,7938029.58947400,0,ETHUSDT
2026-04-11 19:30:00,2321.0,2329.93,2317.62,2319.01,7013.7476,2026-04-11 19:44:59.999,16294791.476007,67280,3837.23350000,8916176.02558000,0,ETHUSDT
2026-04-11 19:45:00,2319.0,2319.01,2312.16,2315.96,2523.4952,2026-04-11 19:59:59.999,5842076.477405,29287,940.69140000,2177594.64505900,0,ETHUSDT
2026-04-11 20:00:00,2315.96,2317.14,2305.05,2306.81,4070.5912,2026-04-11 20:14:59.999,9402009.255693,48440,1382.25270000,3192698.91269600,0,ETHUSDT
2026-04-11 20:15:00,2306.81,2310.97,2301.79,2303.06,4559.1495,2026-04-11 20:29:59.999,10505098.44809,34998,1765.82180000,4069386.63437300,0,ETHUSDT
2026-04-11 20:30:00,2303.06,2303.08,2288.32,2296.03,6793.8068,2026-04-11 20:44:59.999,15584906.853012,58403,2606.09170000,5976603.82967200,0,ETHUSDT
2026-04-11 20:45:00,2296.04,2302.6,2294.54,2298.32,2848.3474,2026-04-11 20:59:59.999,6547803.520429,23962,1347.96590000,3099554.53254100,0,ETHUSDT
2026-04-11 21:00:00,2298.32,2304.13,2292.35,2303.09,3505.2682,2026-04-11 21:14:59.999,8059356.359857,29663,1435.74250000,3302236.97425300,0,ETHUSDT
2026-04-11 21:15:00,2303.09,2303.16,2297.71,2298.19,1546.5106,2026-04-11 21:29:59.999,3557407.583291,20375,511.00270000,1175491.69787300,0,ETHUSDT
2026-04-11 21:30:00,2298.19,2302.42,2296.37,2297.79,1325.5648,2026-04-11 21:44:59.999,3047814.328548,18061,532.09170000,1223613.82074000,0,ETHUSDT
2026-04-11 21:45:00,2297.79,2303.65,2297.77,2299.36,1094.3564,2026-04-11 21:59:59.999,2518007.380516,18606,647.13990000,1488870.79604200,0,ETHUSDT
2026-04-11 22:00:00,2299.35,2304.99,2296.83,2303.69,1105.3607,2026-04-11 22:14:59.999,2543676.547013,19911,529.71440000,1218897.17878200,0,ETHUSDT
2026-04-11 22:15:00,2303.68,2308.0,2301.95,2305.76,1802.3952,2026-04-11 22:29:59.999,4155505.14852,19758,1163.26950000,2681881.93982600,0,ETHUSDT
2026-04-11 22:30:00,2305.77,2306.29,2289.03,2296.81,3407.9895,2026-04-11 22:44:59.999,7823903.978518,33238,1032.05030000,2369399.35781400,0,ETHUSDT
2026-04-11 22:45:00,2296.8,2297.5,2292.14,2296.88,1241.058,2026-04-11 22:59:59.999,2848513.701547,14615,701.16850000,1609352.36462000,0,ETHUSDT
2026-04-11 23:00:00,2296.89,2296.89,2276.47,2283.92,5805.1144,2026-04-11 23:14:59.999,13258864.709922,43608,2138.50040000,4884267.86278200,0,ETHUSDT
2026-04-11 23:15:00,2283.93,2289.45,2283.59,2287.44,1294.7888,2026-04-11 23:29:59.999,2961191.729656,16472,700.40030000,1601767.60894800,0,ETHUSDT
2026-04-11 23:30:00,2287.44,2289.49,2284.28,2284.46,751.2083,2026-04-11 23:44:59.999,1717926.10392,15067,277.36610000,634343.13827100,0,ETHUSDT
2026-04-11 23:45:00,2284.45,2287.34,2283.77,2284.99,885.6731,2026-04-11 23:59:59.999,2024025.655419,10976,294.90610000,673803.92879400,0,ETHUSDT
2026-04-12 00:00:00,2285.0,2288.24,2273.0,2283.98,5556.6654,2026-04-12 00:14:59.999,12676520.017136,31395,2276.00320000,5199313.06387900,0,ETHUSDT
2026-04-12 00:15:00,2283.98,2286.7,2282.51,2283.97,1495.2987,2026-04-12 00:29:59.999,3416472.9154,20599,746.91530000,1706340.31489100,0,ETHUSDT
2026-04-12 00:30:00,2283.96,2286.35,2279.29,2280.61,2869.6508,2026-04-12 00:44:59.999,6548878.513349,15705,1409.51860000,3216967.52795200,0,ETHUSDT
2026-04-12 00:45:00,2280.61,2285.81,2280.61,2285.72,2029.3483,2026-04-12 00:59:59.999,4631534.625191,14217,1155.08730000,2636107.72749900,0,ETHUSDT
2026-04-12 01:00:00,2285.72,2288.57,2279.63,2284.34,1728.7617,2026-04-12 01:14:59.999,3948833.611022,21463,944.32060000,2157371.16262400,0,ETHUSDT
2026-04-12 01:15:00,2284.34,2286.41,2282.65,2283.66,638.5136,2026-04-12 01:29:59.999,1458791.132885,12730,381.95570000,872623.38277400,0,ETHUSDT
2026-04-12 01:30:00,2283.67,2283.67,2219.25,2227.33,31787.018,2026-04-12 01:44:59.999,71457526.943772,226055,13783.26900000,30995735.78781700,0,ETHUSDT
2026-04-12 01:45:00,2227.32,2227.83,2209.14,2219.05,13098.5002,2026-04-12 01:59:59.999,29049188.023131,177298,6854.51480000,15201873.97777000,0,ETHUSDT
2026-04-12 02:00:00,2219.05,2229.89,2207.06,2225.31,7556.2791,2026-04-12 02:14:59.999,16769516.551674,105257,4048.05140000,8984349.56424000,0,ETHUSDT
2026-04-12 02:15:00,2225.31,2234.35,2218.25,2224.1,5423.6068,2026-04-12 02:29:59.999,12075815.942387,65370,2538.11840000,5652908.78612400,0,ETHUSDT
2026-04-12 02:30:00,2224.11,2228.73,2224.09,2226.21,1525.433,2026-04-12 02:44:59.999,3396611.867472,27313,869.48760000,1935960.41194600,0,ETHUSDT
2026-04-12 02:45:00,2226.2,2226.63,2222.99,2223.43,1871.8085,2026-04-12 02:59:59.999,4164685.253069,22659,731.92390000,1628441.01266500,0,ETHUSDT
2026-04-12 03:00:00,2223.42,2227.15,2217.73,2222.16,2397.0004,2026-04-12 03:14:59.999,5324598.45443,27587,925.55510000,2056489.44572700,0,ETHUSDT
2026-04-12 03:15:00,2222.14,2223.57,2218.25,2219.7,2199.4355,2026-04-12 03:29:59.999,4882893.486705,21072,803.43520000,1783650.01259300,0,ETHUSDT
2026-04-12 03:30:00,2219.69,2222.11,2212.86,2216.56,4483.2195,2026-04-12 03:44:59.999,9938675.350756,34594,2383.50340000,5283505.31620600,0,ETHUSDT
2026-04-12 03:45:00,2216.56,2217.71,2211.99,2213.71,6676.9217,2026-04-12 03:59:59.999,14788105.935228,23542,3550.24160000,7862199.64361000,0,ETHUSDT
2026-04-12 04:00:00,2213.7,2216.03,2211.71,2214.92,6648.828,2026-04-12 04:14:59.999,14714724.572376,26462,4665.47720000,10323424.45094900,0,ETHUSDT
2026-04-12 04:15:00,2214.92,2216.5,2209.08,2213.71,1118.728,2026-04-12 04:29:59.999,2474370.365431,12330,562.89650000,1245077.52707100,0,ETHUSDT
